-- phpMyAdmin SQL Dump
-- version 5.0.4
-- https://www.phpmyadmin.net/
--
-- Host: 127.0.0.1
-- Waktu pembuatan: 05 Des 2020 pada 10.43
-- Versi server: 10.4.16-MariaDB
-- Versi PHP: 7.4.12

SET SQL_MODE = "NO_AUTO_VALUE_ON_ZERO";
START TRANSACTION;
SET time_zone = "+00:00";


/*!40101 SET @OLD_CHARACTER_SET_CLIENT=@@CHARACTER_SET_CLIENT */;
/*!40101 SET @OLD_CHARACTER_SET_RESULTS=@@CHARACTER_SET_RESULTS */;
/*!40101 SET @OLD_COLLATION_CONNECTION=@@COLLATION_CONNECTION */;
/*!40101 SET NAMES utf8mb4 */;

--
-- Database: `db_resepedia`
--

-- --------------------------------------------------------

--
-- Struktur dari tabel `bahans`
--

CREATE TABLE `bahans` (
  `id` int(11) NOT NULL,
  `nama_bahan` varchar(100) NOT NULL,
  `kategori_id` int(10) NOT NULL,
  `takaran` varchar(100) NOT NULL,
  `created_at` timestamp NOT NULL DEFAULT current_timestamp(),
  `updated_at` timestamp NULL DEFAULT NULL,
  `deleted_at` timestamp NULL DEFAULT NULL
) ENGINE=InnoDB DEFAULT CHARSET=latin1;

--
-- Dumping data untuk tabel `bahans`
--

INSERT INTO `bahans` (`id`, `nama_bahan`, `kategori_id`, `takaran`, `created_at`, `updated_at`, `deleted_at`) VALUES
(1, 'Sirup Marjan CocoPandan ', 21, 'ml', '2020-12-02 18:34:57', NULL, NULL),
(2, 'Saus Coklat', 15, 'ml', '0000-00-00 00:00:00', '0000-00-00 00:00:00', '0000-00-00 00:00:00'),
(3, 'Teri Jengki', 8, 'gr', '0000-00-00 00:00:00', '0000-00-00 00:00:00', '0000-00-00 00:00:00'),
(4, 'Bawang Merah Giling', 13, 'gr', '0000-00-00 00:00:00', '0000-00-00 00:00:00', '0000-00-00 00:00:00'),
(5, 'Risoles', 66, 'buah', '0000-00-00 00:00:00', '0000-00-00 00:00:00', '0000-00-00 00:00:00'),
(6, 'Kertas Nasi KFC (putih)', 23, 'lembar', '0000-00-00 00:00:00', '0000-00-00 00:00:00', '0000-00-00 00:00:00'),
(7, 'Toping Coklat', 18, 'ml', '0000-00-00 00:00:00', '0000-00-00 00:00:00', '0000-00-00 00:00:00'),
(8, 'Toge', 11, 'gr', '0000-00-00 00:00:00', '0000-00-00 00:00:00', '0000-00-00 00:00:00'),
(9, 'Tusuk Gigi', 24, 'buah', '0000-00-00 00:00:00', '0000-00-00 00:00:00', '0000-00-00 00:00:00'),
(10, 'Saori Saus Tiram ', 15, 'sdt', '0000-00-00 00:00:00', '0000-00-00 00:00:00', '0000-00-00 00:00:00'),
(11, 'Kwetiaw', 9, 'gr', '0000-00-00 00:00:00', '0000-00-00 00:00:00', '0000-00-00 00:00:00'),
(12, 'Tepung kanji', 14, 'gr', '0000-00-00 00:00:00', '0000-00-00 00:00:00', '0000-00-00 00:00:00'),
(13, 'Pie Buah', 66, 'buah', '0000-00-00 00:00:00', '0000-00-00 00:00:00', '0000-00-00 00:00:00'),
(14, 'Muffin Tape', 66, 'buah', '0000-00-00 00:00:00', '0000-00-00 00:00:00', '0000-00-00 00:00:00'),
(15, 'Oncom', 15, 'gr', '0000-00-00 00:00:00', '0000-00-00 00:00:00', '0000-00-00 00:00:00'),
(16, 'Semar Mendem', 66, 'buah', '0000-00-00 00:00:00', '0000-00-00 00:00:00', '0000-00-00 00:00:00'),
(17, 'Air mineral Aqua 220 ml', 65, 'buah', '0000-00-00 00:00:00', '0000-00-00 00:00:00', '0000-00-00 00:00:00'),
(18, 'Labu Siam', 11, 'gr', '0000-00-00 00:00:00', '0000-00-00 00:00:00', '0000-00-00 00:00:00'),
(19, 'Plastik bening besar 60x100 (gapura)', 23, 'buah', '0000-00-00 00:00:00', '0000-00-00 00:00:00', '0000-00-00 00:00:00'),
(20, 'Dada Utuh', 3, 'gr', '0000-00-00 00:00:00', '0000-00-00 00:00:00', '0000-00-00 00:00:00'),
(21, 'mika 5A (tangkup)', 23, 'buah', '0000-00-00 00:00:00', '0000-00-00 00:00:00', '0000-00-00 00:00:00'),
(22, 'Jeruk Peras', 18, 'buah', '0000-00-00 00:00:00', '0000-00-00 00:00:00', '0000-00-00 00:00:00'),
(23, 'Gula Aren', 15, 'sdt', '0000-00-00 00:00:00', '0000-00-00 00:00:00', '0000-00-00 00:00:00'),
(24, 'Ketupat', 16, 'buah', '0000-00-00 00:00:00', '0000-00-00 00:00:00', '0000-00-00 00:00:00'),
(25, 'Sosis Solo', 66, 'buah', '0000-00-00 00:00:00', '0000-00-00 00:00:00', '0000-00-00 00:00:00'),
(26, 'Kecap ikan', 15, 'ml', '0000-00-00 00:00:00', '0000-00-00 00:00:00', '0000-00-00 00:00:00'),
(27, 'Tahu Putih', 67, 'buah', '0000-00-00 00:00:00', '0000-00-00 00:00:00', '0000-00-00 00:00:00'),
(28, 'Tusuk Sate', 23, 'buah', '0000-00-00 00:00:00', '0000-00-00 00:00:00', '0000-00-00 00:00:00'),
(29, 'Brown Sugar', 19, 'buah', '0000-00-00 00:00:00', '0000-00-00 00:00:00', '0000-00-00 00:00:00'),
(30, 'Sajiku Tepung Bumbu', 14, 'gr', '0000-00-00 00:00:00', '0000-00-00 00:00:00', '0000-00-00 00:00:00'),
(31, 'Kembang Lawang', 17, 'gr', '0000-00-00 00:00:00', '0000-00-00 00:00:00', '0000-00-00 00:00:00'),
(32, 'Double Tape', 24, 'buah', '0000-00-00 00:00:00', '0000-00-00 00:00:00', '0000-00-00 00:00:00'),
(33, 'Kulit Ayam', 3, 'gr', '0000-00-00 00:00:00', '0000-00-00 00:00:00', '0000-00-00 00:00:00'),
(34, 'Buncis', 11, 'gr', '0000-00-00 00:00:00', '0000-00-00 00:00:00', '0000-00-00 00:00:00'),
(35, 'Dixi Cuka 650 ml', 15, 'ml', '0000-00-00 00:00:00', '0000-00-00 00:00:00', '0000-00-00 00:00:00'),
(36, 'Salak', 22, 'buah', '0000-00-00 00:00:00', '0000-00-00 00:00:00', '0000-00-00 00:00:00'),
(37, 'Bihun', 9, 'gr', '0000-00-00 00:00:00', '0000-00-00 00:00:00', '0000-00-00 00:00:00'),
(38, 'Kunyit', 17, 'gr', '0000-00-00 00:00:00', '0000-00-00 00:00:00', '0000-00-00 00:00:00'),
(39, 'Bubuk Kayumanis', 15, 'gr', '0000-00-00 00:00:00', '0000-00-00 00:00:00', '0000-00-00 00:00:00'),
(40, 'Fiber Creme', 15, 'gr', '0000-00-00 00:00:00', '0000-00-00 00:00:00', '0000-00-00 00:00:00'),
(41, 'Tape', 18, 'gr', '0000-00-00 00:00:00', '0000-00-00 00:00:00', '0000-00-00 00:00:00'),
(42, 'Lada putih bubuk', 15, 'gr', '0000-00-00 00:00:00', '0000-00-00 00:00:00', '0000-00-00 00:00:00'),
(43, 'Daun Katuk', 16, 'lembar', '0000-00-00 00:00:00', '0000-00-00 00:00:00', '0000-00-00 00:00:00'),
(44, 'Cabe Ijo', 10, 'gr', '0000-00-00 00:00:00', '0000-00-00 00:00:00', '0000-00-00 00:00:00'),
(45, 'Jeruk Lemon', 17, 'buah', '0000-00-00 00:00:00', '0000-00-00 00:00:00', '0000-00-00 00:00:00'),
(46, 'Tahu coklat (goreng)', 67, 'buah', '0000-00-00 00:00:00', '0000-00-00 00:00:00', '0000-00-00 00:00:00'),
(47, 'Selada air', 11, 'gr', '0000-00-00 00:00:00', '0000-00-00 00:00:00', '0000-00-00 00:00:00'),
(48, 'Plastik Parcel', 23, 'lembar', '0000-00-00 00:00:00', '0000-00-00 00:00:00', '0000-00-00 00:00:00'),
(49, 'Bolu Pandan', 66, 'buah', '0000-00-00 00:00:00', '0000-00-00 00:00:00', '0000-00-00 00:00:00'),
(50, 'Panada Ikan', 66, 'buah', '0000-00-00 00:00:00', '0000-00-00 00:00:00', '0000-00-00 00:00:00'),
(51, 'Sosis Champ', 3, 'buah', '0000-00-00 00:00:00', '0000-00-00 00:00:00', '0000-00-00 00:00:00'),
(52, 'Nata De Coco', 21, 'gr', '0000-00-00 00:00:00', '0000-00-00 00:00:00', '0000-00-00 00:00:00'),
(53, 'pepaya', 22, 'buah', '0000-00-00 00:00:00', '0000-00-00 00:00:00', '0000-00-00 00:00:00'),
(54, 'Terasi Bawal', 15, 'gr', '0000-00-00 00:00:00', '0000-00-00 00:00:00', '0000-00-00 00:00:00'),
(55, 'Tomat Cherry', 11, 'gr', '0000-00-00 00:00:00', '0000-00-00 00:00:00', '0000-00-00 00:00:00'),
(56, 'Daun Jeruk', 17, 'lembar', '0000-00-00 00:00:00', '0000-00-00 00:00:00', '0000-00-00 00:00:00'),
(57, 'petis', 15, 'gr', '0000-00-00 00:00:00', '0000-00-00 00:00:00', '0000-00-00 00:00:00'),
(58, 'Jagung', 11, 'buah', '0000-00-00 00:00:00', '0000-00-00 00:00:00', '0000-00-00 00:00:00'),
(59, 'Air mentah', 69, 'L', '0000-00-00 00:00:00', '0000-00-00 00:00:00', '0000-00-00 00:00:00'),
(60, 'Air mineral', 69, 'ml', '0000-00-00 00:00:00', '0000-00-00 00:00:00', '0000-00-00 00:00:00'),
(61, 'Piring kue kertas', 23, 'buah', '0000-00-00 00:00:00', '0000-00-00 00:00:00', '0000-00-00 00:00:00'),
(62, 'Makaroni', 66, 'buah', '0000-00-00 00:00:00', '0000-00-00 00:00:00', '0000-00-00 00:00:00'),
(63, 'Indocafe Mx 3 in 1', 20, 'buah', '0000-00-00 00:00:00', '0000-00-00 00:00:00', '0000-00-00 00:00:00'),
(64, 'Asam Madura', 17, 'gr', '0000-00-00 00:00:00', '0000-00-00 00:00:00', '0000-00-00 00:00:00'),
(65, 'Kurma', 22, 'buah', '0000-00-00 00:00:00', '0000-00-00 00:00:00', '0000-00-00 00:00:00'),
(66, 'Lapis Surabaya', 66, 'buah', '0000-00-00 00:00:00', '0000-00-00 00:00:00', '0000-00-00 00:00:00'),
(67, 'Dadar Gulung', 66, 'buah', '0000-00-00 00:00:00', '0000-00-00 00:00:00', '0000-00-00 00:00:00'),
(68, 'Jagung Putren', 11, 'gr', '0000-00-00 00:00:00', '0000-00-00 00:00:00', '0000-00-00 00:00:00'),
(69, 'Vegetable Mix', 15, 'gr', '0000-00-00 00:00:00', '0000-00-00 00:00:00', '0000-00-00 00:00:00'),
(70, 'Blue Band\\', 15, 'gr', '0000-00-00 00:00:00', '0000-00-00 00:00:00', '0000-00-00 00:00:00'),
(71, 'Bayam', 11, '', '0000-00-00 00:00:00', '0000-00-00 00:00:00', '0000-00-00 00:00:00'),
(72, 'Kacang Panjang', 11, 'gr', '0000-00-00 00:00:00', '0000-00-00 00:00:00', '0000-00-00 00:00:00'),
(73, 'Kerupuk SCL', 12, '', '0000-00-00 00:00:00', '0000-00-00 00:00:00', '0000-00-00 00:00:00'),
(74, 'Good Day Mocacino 250', 65, 'buah', '0000-00-00 00:00:00', '0000-00-00 00:00:00', '0000-00-00 00:00:00'),
(75, 'Cabe Giling', 10, 'gr', '0000-00-00 00:00:00', '0000-00-00 00:00:00', '0000-00-00 00:00:00'),
(76, 'Gula Merah', 19, 'gr', '0000-00-00 00:00:00', '0000-00-00 00:00:00', '0000-00-00 00:00:00'),
(77, 'Buavita apel 250', 65, 'buah', '0000-00-00 00:00:00', '0000-00-00 00:00:00', '0000-00-00 00:00:00'),
(78, 'Peyek', 66, 'buah', '0000-00-00 00:00:00', '0000-00-00 00:00:00', '0000-00-00 00:00:00'),
(79, 'Max Cream N/Datry 450', 20, 'sdt', '0000-00-00 00:00:00', '0000-00-00 00:00:00', '0000-00-00 00:00:00'),
(80, 'Kroket', 66, 'buah', '0000-00-00 00:00:00', '0000-00-00 00:00:00', '0000-00-00 00:00:00'),
(81, 'Kecambah', 11, 'gr', '0000-00-00 00:00:00', '0000-00-00 00:00:00', '0000-00-00 00:00:00'),
(82, 'Tempe', 67, 'papan', '0000-00-00 00:00:00', '0000-00-00 00:00:00', '0000-00-00 00:00:00'),
(83, 'Nangka matang', 18, 'gr', '0000-00-00 00:00:00', '0000-00-00 00:00:00', '0000-00-00 00:00:00'),
(84, 'Kerupuk Kulit', 12, 'gr', '0000-00-00 00:00:00', '0000-00-00 00:00:00', '0000-00-00 00:00:00'),
(85, 'Gula Pasir GMP 1 Kg', 19, 'gr', '0000-00-00 00:00:00', '0000-00-00 00:00:00', '0000-00-00 00:00:00'),
(86, 'Kelapa Parut (santan)', 68, 'gr', '0000-00-00 00:00:00', '0000-00-00 00:00:00', '0000-00-00 00:00:00'),
(87, 'Daging Topside', 4, 'gr', '0000-00-00 00:00:00', '0000-00-00 00:00:00', '0000-00-00 00:00:00'),
(88, 'Good Day Tiramisu 250', 65, 'buah', '0000-00-00 00:00:00', '0000-00-00 00:00:00', '0000-00-00 00:00:00'),
(89, 'Seledri', 17, 'batang', '0000-00-00 00:00:00', '0000-00-00 00:00:00', '0000-00-00 00:00:00'),
(90, 'Plastik alas', 23, 'buah', '0000-00-00 00:00:00', '0000-00-00 00:00:00', '0000-00-00 00:00:00'),
(91, 'Ultra UHT Straw 250', 65, 'buah', '0000-00-00 00:00:00', '0000-00-00 00:00:00', '0000-00-00 00:00:00'),
(92, 'Cincau', 18, 'gr', '0000-00-00 00:00:00', '0000-00-00 00:00:00', '0000-00-00 00:00:00'),
(93, 'Kotak 20x20 Cetak', 23, 'buah', '0000-00-00 00:00:00', '0000-00-00 00:00:00', '0000-00-00 00:00:00'),
(94, 'Tepung roti halus', 14, 'gr', '0000-00-00 00:00:00', '0000-00-00 00:00:00', '0000-00-00 00:00:00'),
(95, 'Udang Sedang', 8, 'gr', '0000-00-00 00:00:00', '0000-00-00 00:00:00', '0000-00-00 00:00:00'),
(96, 'Kantong Plastik 24 LOZO (Putih sedang)', 23, 'buah', '0000-00-00 00:00:00', '0000-00-00 00:00:00', '0000-00-00 00:00:00'),
(97, 'Kapulaga', 17, '', '0000-00-00 00:00:00', '0000-00-00 00:00:00', '0000-00-00 00:00:00'),
(98, 'Combro', 66, 'buah', '0000-00-00 00:00:00', '0000-00-00 00:00:00', '0000-00-00 00:00:00'),
(99, 'Sasa Bumbu Masak', 15, 'sdt', '0000-00-00 00:00:00', '0000-00-00 00:00:00', '0000-00-00 00:00:00'),
(100, 'Sifon Cake', 66, 'buah', '0000-00-00 00:00:00', '0000-00-00 00:00:00', '0000-00-00 00:00:00'),
(101, 'Krecek', 4, 'gr', '0000-00-00 00:00:00', '0000-00-00 00:00:00', '0000-00-00 00:00:00'),
(102, 'Minyak Wijen', 15, 'ml', '0000-00-00 00:00:00', '0000-00-00 00:00:00', '0000-00-00 00:00:00'),
(103, 'Ayam Fillet', 3, 'gr', '0000-00-00 00:00:00', '0000-00-00 00:00:00', '0000-00-00 00:00:00'),
(104, 'mika 4A (tangkup)', 23, 'buah', '0000-00-00 00:00:00', '0000-00-00 00:00:00', '0000-00-00 00:00:00'),
(105, 'Bandeng', 8, 'ekor', '0000-00-00 00:00:00', '0000-00-00 00:00:00', '0000-00-00 00:00:00'),
(106, 'Pete', 11, 'gr', '0000-00-00 00:00:00', '0000-00-00 00:00:00', '0000-00-00 00:00:00'),
(107, 'Gethuk', 66, 'buah', '0000-00-00 00:00:00', '0000-00-00 00:00:00', '0000-00-00 00:00:00'),
(108, 'Mie kuning', 9, 'gr', '0000-00-00 00:00:00', '0000-00-00 00:00:00', '0000-00-00 00:00:00'),
(109, 'Vla', 21, 'ml', '0000-00-00 00:00:00', '0000-00-00 00:00:00', '0000-00-00 00:00:00'),
(110, 'Kantong Plastik 28 LOZO (Putih sedang)', 23, 'buah', '0000-00-00 00:00:00', '0000-00-00 00:00:00', '0000-00-00 00:00:00'),
(111, 'Mangkok kertas 650 ml', 23, 'buah', '0000-00-00 00:00:00', '0000-00-00 00:00:00', '0000-00-00 00:00:00'),
(112, 'Pala', 15, 'buah', '0000-00-00 00:00:00', '0000-00-00 00:00:00', '0000-00-00 00:00:00'),
(113, 'Kripik BBQ', 66, 'buah', '0000-00-00 00:00:00', '0000-00-00 00:00:00', '0000-00-00 00:00:00'),
(114, 'Isolasi besar', 24, 'buah', '0000-00-00 00:00:00', '0000-00-00 00:00:00', '0000-00-00 00:00:00'),
(115, 'Cumi Asin', 8, 'gr', '0000-00-00 00:00:00', '0000-00-00 00:00:00', '0000-00-00 00:00:00'),
(116, 'Floridina Orange', 65, 'buah', '0000-00-00 00:00:00', '0000-00-00 00:00:00', '0000-00-00 00:00:00'),
(117, 'Gula pasir sachet', 19, 'buah', '0000-00-00 00:00:00', '0000-00-00 00:00:00', '0000-00-00 00:00:00'),
(118, 'Bolu Kukus', 66, 'buah', '0000-00-00 00:00:00', '0000-00-00 00:00:00', '0000-00-00 00:00:00'),
(119, 'Kue Pisang', 66, 'buah', '0000-00-00 00:00:00', '0000-00-00 00:00:00', '0000-00-00 00:00:00'),
(120, 'Jambu', 22, 'buah', '0000-00-00 00:00:00', '0000-00-00 00:00:00', '0000-00-00 00:00:00'),
(121, 'Tahu Kuning', 67, 'buah', '0000-00-00 00:00:00', '0000-00-00 00:00:00', '0000-00-00 00:00:00'),
(122, 'Tulang Sapi', 4, 'gr', '0000-00-00 00:00:00', '0000-00-00 00:00:00', '0000-00-00 00:00:00'),
(123, 'Sirup Marjan Leci Squash', 21, 'ml', '0000-00-00 00:00:00', '0000-00-00 00:00:00', '0000-00-00 00:00:00'),
(124, 'Ebi', 17, 'gr', '0000-00-00 00:00:00', '0000-00-00 00:00:00', '0000-00-00 00:00:00'),
(125, 'Tepung Terigu Segitiga Merah 1 Kg', 14, 'gr', '0000-00-00 00:00:00', '0000-00-00 00:00:00', '0000-00-00 00:00:00'),
(126, 'Lumpia', 66, 'buah', '0000-00-00 00:00:00', '0000-00-00 00:00:00', '0000-00-00 00:00:00'),
(127, 'Soun', 9, 'gr', '0000-00-00 00:00:00', '0000-00-00 00:00:00', '0000-00-00 00:00:00'),
(128, 'Paprika Merah', 10, 'gr', '0000-00-00 00:00:00', '0000-00-00 00:00:00', '0000-00-00 00:00:00'),
(129, 'Gula merah sachet', 19, 'buah', '0000-00-00 00:00:00', '0000-00-00 00:00:00', '0000-00-00 00:00:00'),
(130, 'Singkong Keju', 66, 'buah', '0000-00-00 00:00:00', '0000-00-00 00:00:00', '0000-00-00 00:00:00'),
(131, 'Cabe Merah Besar', 10, 'gr', '0000-00-00 00:00:00', '0000-00-00 00:00:00', '0000-00-00 00:00:00'),
(132, 'Ikan Kembung', 8, 'gr', '0000-00-00 00:00:00', '0000-00-00 00:00:00', '0000-00-00 00:00:00'),
(133, 'nanas', 22, 'buah', '0000-00-00 00:00:00', '0000-00-00 00:00:00', '0000-00-00 00:00:00'),
(134, 'Tahu Pong', 67, 'buah', '0000-00-00 00:00:00', '0000-00-00 00:00:00', '0000-00-00 00:00:00'),
(135, 'Kentang', 11, 'gr', '0000-00-00 00:00:00', '0000-00-00 00:00:00', '0000-00-00 00:00:00'),
(136, 'Garam Kotak', 15, 'buah', '0000-00-00 00:00:00', '0000-00-00 00:00:00', '0000-00-00 00:00:00'),
(137, 'Kecap Manis', 15, 'ml', '0000-00-00 00:00:00', '0000-00-00 00:00:00', '0000-00-00 00:00:00'),
(138, 'Asam Kandis', 17, 'gr', '0000-00-00 00:00:00', '0000-00-00 00:00:00', '0000-00-00 00:00:00'),
(139, 'Royco Kaldu Ayam ', 15, 'sdt', '0000-00-00 00:00:00', '0000-00-00 00:00:00', '0000-00-00 00:00:00'),
(140, 'kemangi', 11, 'gr', '0000-00-00 00:00:00', '0000-00-00 00:00:00', '0000-00-00 00:00:00'),
(141, 'Kotak Snack polos', 23, 'buah', '0000-00-00 00:00:00', '0000-00-00 00:00:00', '0000-00-00 00:00:00'),
(142, 'Daun Kacang', 11, 'ikat', '0000-00-00 00:00:00', '0000-00-00 00:00:00', '0000-00-00 00:00:00'),
(143, 'Bika Ambon', 66, 'buah', '0000-00-00 00:00:00', '0000-00-00 00:00:00', '0000-00-00 00:00:00'),
(144, 'Lobak', 16, 'buah', '0000-00-00 00:00:00', '0000-00-00 00:00:00', '0000-00-00 00:00:00'),
(145, 'Kelapa utuh', 68, 'buah', '0000-00-00 00:00:00', '0000-00-00 00:00:00', '0000-00-00 00:00:00'),
(146, 'Bihun Jagung', 9, 'gr', '0000-00-00 00:00:00', '0000-00-00 00:00:00', '0000-00-00 00:00:00'),
(147, 'Kunyit Giling', 17, 'gr', '0000-00-00 00:00:00', '0000-00-00 00:00:00', '0000-00-00 00:00:00'),
(148, 'Kelapa Muda', 65, 'buah', '0000-00-00 00:00:00', '0000-00-00 00:00:00', '0000-00-00 00:00:00'),
(149, 'Singkong Thailand', 66, 'buah', '0000-00-00 00:00:00', '0000-00-00 00:00:00', '0000-00-00 00:00:00'),
(150, 'Beras Ketan', 1, 'kg', '0000-00-00 00:00:00', '0000-00-00 00:00:00', '0000-00-00 00:00:00'),
(151, 'Bakwan', 66, 'buah', '0000-00-00 00:00:00', '0000-00-00 00:00:00', '0000-00-00 00:00:00'),
(152, 'Buavita orange 250', 65, 'buah', '0000-00-00 00:00:00', '0000-00-00 00:00:00', '0000-00-00 00:00:00'),
(153, 'Saus Barbeque', 15, 'ml', '0000-00-00 00:00:00', '0000-00-00 00:00:00', '0000-00-00 00:00:00'),
(154, 'ikan cuek', 8, 'gr', '0000-00-00 00:00:00', '0000-00-00 00:00:00', '0000-00-00 00:00:00'),
(155, 'Telur Puyuh', 7, 'buah', '0000-00-00 00:00:00', '0000-00-00 00:00:00', '0000-00-00 00:00:00'),
(156, 'Iga Sapi', 5, 'gr', '0000-00-00 00:00:00', '0000-00-00 00:00:00', '0000-00-00 00:00:00'),
(157, 'Cabe Rawit Merah', 10, 'gr', '0000-00-00 00:00:00', '0000-00-00 00:00:00', '0000-00-00 00:00:00'),
(158, 'Serabi Solo', 66, 'buah', '0000-00-00 00:00:00', '0000-00-00 00:00:00', '0000-00-00 00:00:00'),
(159, 'Tofu', 16, 'buah', '0000-00-00 00:00:00', '0000-00-00 00:00:00', '0000-00-00 00:00:00'),
(160, 'Tepung beras', 14, 'gr', '0000-00-00 00:00:00', '0000-00-00 00:00:00', '0000-00-00 00:00:00'),
(161, 'Saus Thousand Island', 15, 'ml', '0000-00-00 00:00:00', '0000-00-00 00:00:00', '0000-00-00 00:00:00'),
(162, 'Jamur', 11, 'gr', '0000-00-00 00:00:00', '0000-00-00 00:00:00', '0000-00-00 00:00:00'),
(163, 'Pisang', 22, 'buah', '0000-00-00 00:00:00', '0000-00-00 00:00:00', '0000-00-00 00:00:00'),
(164, 'Milo sachet', 21, 'buah', '0000-00-00 00:00:00', '0000-00-00 00:00:00', '0000-00-00 00:00:00'),
(165, 'Wortel', 11, 'gr', '0000-00-00 00:00:00', '0000-00-00 00:00:00', '0000-00-00 00:00:00'),
(166, 'Plastik sambal/sendoktisu (jeruk)', 23, 'lembar', '0000-00-00 00:00:00', '0000-00-00 00:00:00', '0000-00-00 00:00:00'),
(167, 'Sasa Tepung Bumbu 80', 14, 'gr', '0000-00-00 00:00:00', '0000-00-00 00:00:00', '0000-00-00 00:00:00'),
(168, 'Lemper', 66, 'buah', '0000-00-00 00:00:00', '0000-00-00 00:00:00', '0000-00-00 00:00:00'),
(169, 'Potato Crinckle cut', 16, 'gr', '0000-00-00 00:00:00', '0000-00-00 00:00:00', '0000-00-00 00:00:00'),
(170, 'Kayumanis', 17, 'gr', '0000-00-00 00:00:00', '0000-00-00 00:00:00', '0000-00-00 00:00:00'),
(171, 'Kue lumpur', 66, 'buah', '0000-00-00 00:00:00', '0000-00-00 00:00:00', '0000-00-00 00:00:00'),
(172, 'Sus', 66, 'buah', '0000-00-00 00:00:00', '0000-00-00 00:00:00', '0000-00-00 00:00:00'),
(173, 'Kacang Merah', 11, 'gr', '0000-00-00 00:00:00', '0000-00-00 00:00:00', '0000-00-00 00:00:00'),
(174, 'Kraft Keju Cheddar 165', 15, 'gr', '0000-00-00 00:00:00', '0000-00-00 00:00:00', '0000-00-00 00:00:00'),
(175, 'Tomat Merah', 11, 'gr', '0000-00-00 00:00:00', '0000-00-00 00:00:00', '0000-00-00 00:00:00'),
(176, 'Bakso Sapi', 4, 'buah', '0000-00-00 00:00:00', '0000-00-00 00:00:00', '0000-00-00 00:00:00'),
(177, 'Buavita jambu 250', 65, 'buah', '0000-00-00 00:00:00', '0000-00-00 00:00:00', '0000-00-00 00:00:00'),
(178, 'Telur Ayam', 7, 'buah', '0000-00-00 00:00:00', '0000-00-00 00:00:00', '0000-00-00 00:00:00'),
(179, 'Milo Active Go 10x22', 65, 'buah', '0000-00-00 00:00:00', '0000-00-00 00:00:00', '0000-00-00 00:00:00'),
(180, 'Madu Nusantara', 15, 'ml', '0000-00-00 00:00:00', '0000-00-00 00:00:00', '0000-00-00 00:00:00'),
(181, 'The Pucuk 350', 65, 'buah', '0000-00-00 00:00:00', '0000-00-00 00:00:00', '0000-00-00 00:00:00'),
(182, 'Lemon Tea', 20, 'buah', '0000-00-00 00:00:00', '0000-00-00 00:00:00', '0000-00-00 00:00:00'),
(183, 'Terasi Udang ABC 20x4.2', 15, 'buah', '0000-00-00 00:00:00', '0000-00-00 00:00:00', '0000-00-00 00:00:00'),
(184, 'Tepung roti kasar', 14, 'gr', '0000-00-00 00:00:00', '0000-00-00 00:00:00', '0000-00-00 00:00:00'),
(185, 'ABC Kecap Asin 620 ml', 15, 'ml', '0000-00-00 00:00:00', '0000-00-00 00:00:00', '0000-00-00 00:00:00'),
(186, 'Bakpao Coklat', 66, 'buah', '0000-00-00 00:00:00', '0000-00-00 00:00:00', '0000-00-00 00:00:00'),
(187, 'Kantong Plastik 40  LOZO (Putih besar)', 23, 'buah', '0000-00-00 00:00:00', '0000-00-00 00:00:00', '0000-00-00 00:00:00'),
(188, 'Minyak goreng', 2, 'ml', '0000-00-00 00:00:00', '0000-00-00 00:00:00', '0000-00-00 00:00:00'),
(189, 'Sosis Ayam', 3, 'buah', '0000-00-00 00:00:00', '0000-00-00 00:00:00', '0000-00-00 00:00:00'),
(190, 'gelas aqua', 23, 'buah', '0000-00-00 00:00:00', '0000-00-00 00:00:00', '0000-00-00 00:00:00'),
(191, 'kangkung', 11, 'gr', '0000-00-00 00:00:00', '0000-00-00 00:00:00', '0000-00-00 00:00:00'),
(192, 'Apel', 22, 'buah', '0000-00-00 00:00:00', '0000-00-00 00:00:00', '0000-00-00 00:00:00'),
(193, 'Leci Kaleng', 21, 'buah', '0000-00-00 00:00:00', '0000-00-00 00:00:00', '0000-00-00 00:00:00'),
(194, 'Ladaku merica 4G', 15, 'gr', '0000-00-00 00:00:00', '0000-00-00 00:00:00', '0000-00-00 00:00:00'),
(195, 'Ultra UHT Choco 250', 65, 'buah', '0000-00-00 00:00:00', '0000-00-00 00:00:00', '0000-00-00 00:00:00'),
(196, 'Pir', 22, 'buah', '0000-00-00 00:00:00', '0000-00-00 00:00:00', '0000-00-00 00:00:00'),
(197, 'Sari Minang', 17, 'gr', '0000-00-00 00:00:00', '0000-00-00 00:00:00', '0000-00-00 00:00:00'),
(198, 'Tahu Sosis', 66, 'buah', '0000-00-00 00:00:00', '0000-00-00 00:00:00', '0000-00-00 00:00:00'),
(199, 'Maestro Mayonaise 1 kg', 15, 'gr', '0000-00-00 00:00:00', '0000-00-00 00:00:00', '0000-00-00 00:00:00'),
(200, 'Kara besar', 15, 'ml', '0000-00-00 00:00:00', '0000-00-00 00:00:00', '0000-00-00 00:00:00'),
(201, 'Kailan', 11, 'gr', '0000-00-00 00:00:00', '0000-00-00 00:00:00', '0000-00-00 00:00:00'),
(202, 'Krupuk Udang Kecil', 12, 'buah', '0000-00-00 00:00:00', '0000-00-00 00:00:00', '0000-00-00 00:00:00'),
(203, 'Ayam potong 8 (10 ons)', 3, 'gr', '0000-00-00 00:00:00', '0000-00-00 00:00:00', '0000-00-00 00:00:00'),
(204, 'Paprika Hijau', 10, 'gr', '0000-00-00 00:00:00', '0000-00-00 00:00:00', '0000-00-00 00:00:00'),
(205, 'Saus sambal/cabe', 15, 'ml', '0000-00-00 00:00:00', '0000-00-00 00:00:00', '0000-00-00 00:00:00'),
(206, 'Selada', 11, 'gr', '0000-00-00 00:00:00', '0000-00-00 00:00:00', '0000-00-00 00:00:00'),
(207, 'Kotak 20x20 polos', 23, 'buah', '0000-00-00 00:00:00', '0000-00-00 00:00:00', '0000-00-00 00:00:00'),
(208, 'Totole Kaldu Jamur', 15, 'gr', '0000-00-00 00:00:00', '0000-00-00 00:00:00', '0000-00-00 00:00:00'),
(209, 'Indomie goreng Spc 80', 9, 'buah', '0000-00-00 00:00:00', '0000-00-00 00:00:00', '0000-00-00 00:00:00'),
(210, 'Kembang Tahu', 17, 'gr', '0000-00-00 00:00:00', '0000-00-00 00:00:00', '0000-00-00 00:00:00'),
(211, 'gelas 16 & tutup', 23, 'buah', '0000-00-00 00:00:00', '0000-00-00 00:00:00', '0000-00-00 00:00:00'),
(212, 'Delmonte BBQ', 15, 'ml', '0000-00-00 00:00:00', '0000-00-00 00:00:00', '0000-00-00 00:00:00'),
(213, 'Cumi Segar', 8, 'gr', '0000-00-00 00:00:00', '0000-00-00 00:00:00', '0000-00-00 00:00:00'),
(214, 'Bakso Ayam', 3, 'buah', '0000-00-00 00:00:00', '0000-00-00 00:00:00', '0000-00-00 00:00:00'),
(215, 'Ketumbar', 17, 'gr', '0000-00-00 00:00:00', '0000-00-00 00:00:00', '0000-00-00 00:00:00'),
(216, 'Sirup Marjan Melon ', 21, 'ml', '0000-00-00 00:00:00', '0000-00-00 00:00:00', '0000-00-00 00:00:00'),
(217, 'Ayam/Daging Vegetarian', 16, 'gr', '0000-00-00 00:00:00', '0000-00-00 00:00:00', '0000-00-00 00:00:00'),
(218, 'The Kotak (ultrajaya) 200', 65, 'buah', '0000-00-00 00:00:00', '0000-00-00 00:00:00', '0000-00-00 00:00:00'),
(219, 'Kedondong', 22, 'buah', '0000-00-00 00:00:00', '0000-00-00 00:00:00', '0000-00-00 00:00:00'),
(220, 'Daun Pisang', 16, 'lembar', '0000-00-00 00:00:00', '0000-00-00 00:00:00', '0000-00-00 00:00:00'),
(221, 'Indomie Kari Ayam 72', 9, 'buah', '0000-00-00 00:00:00', '0000-00-00 00:00:00', '0000-00-00 00:00:00'),
(222, 'Abon Ratu', 15, 'gr', '0000-00-00 00:00:00', '0000-00-00 00:00:00', '0000-00-00 00:00:00'),
(223, 'Kue Cheese', 66, 'buah', '0000-00-00 00:00:00', '0000-00-00 00:00:00', '0000-00-00 00:00:00'),
(224, 'Sedotan Bubble', 24, 'buah', '0000-00-00 00:00:00', '0000-00-00 00:00:00', '0000-00-00 00:00:00'),
(225, 'Tepung maizena', 14, 'gr', '0000-00-00 00:00:00', '0000-00-00 00:00:00', '0000-00-00 00:00:00'),
(226, 'Tauco', 15, 'gr', '0000-00-00 00:00:00', '0000-00-00 00:00:00', '0000-00-00 00:00:00'),
(227, 'Sedap Malam', 17, 'gr', '0000-00-00 00:00:00', '0000-00-00 00:00:00', '0000-00-00 00:00:00'),
(228, 'Sawi Putih', 11, 'gr', '0000-00-00 00:00:00', '0000-00-00 00:00:00', '0000-00-00 00:00:00'),
(229, 'Garam Halus', 15, 'sdt', '0000-00-00 00:00:00', '0000-00-00 00:00:00', '0000-00-00 00:00:00'),
(230, 'Cabe Keriting', 10, 'gr', '0000-00-00 00:00:00', '0000-00-00 00:00:00', '0000-00-00 00:00:00'),
(231, 'Kantong plastik gelas', 23, 'buah', '0000-00-00 00:00:00', '0000-00-00 00:00:00', '0000-00-00 00:00:00'),
(232, 'Paha Fillet', 3, 'gr', '0000-00-00 00:00:00', '0000-00-00 00:00:00', '0000-00-00 00:00:00'),
(233, 'Saus Inggris', 15, 'ml', '0000-00-00 00:00:00', '0000-00-00 00:00:00', '0000-00-00 00:00:00'),
(234, 'Saus sambal/cabe sachet', 15, 'buah', '0000-00-00 00:00:00', '0000-00-00 00:00:00', '0000-00-00 00:00:00'),
(235, 'Mangkok Plastik 200 ml', 23, 'buah', '0000-00-00 00:00:00', '0000-00-00 00:00:00', '0000-00-00 00:00:00'),
(236, 'Bawang Putih Kupas', 13, 'siung', '0000-00-00 00:00:00', '0000-00-00 00:00:00', '0000-00-00 00:00:00'),
(237, 'Ikan Peda', 8, 'gr', '0000-00-00 00:00:00', '0000-00-00 00:00:00', '0000-00-00 00:00:00'),
(238, 'Bakso Ikan', 3, 'buah', '0000-00-00 00:00:00', '0000-00-00 00:00:00', '0000-00-00 00:00:00'),
(239, 'Jeruk Manis', 22, 'buah', '0000-00-00 00:00:00', '0000-00-00 00:00:00', '0000-00-00 00:00:00'),
(240, 'Tampah Tumpeng', 24, 'buah', '0000-00-00 00:00:00', '0000-00-00 00:00:00', '0000-00-00 00:00:00'),
(241, 'Kecombrang', 17, 'buah', '0000-00-00 00:00:00', '0000-00-00 00:00:00', '0000-00-00 00:00:00'),
(242, 'Jahe', 17, 'gr', '0000-00-00 00:00:00', '0000-00-00 00:00:00', '0000-00-00 00:00:00'),
(243, 'Laos/Lengkuas', 17, 'gr', '0000-00-00 00:00:00', '0000-00-00 00:00:00', '0000-00-00 00:00:00'),
(244, 'Risol Sosis', 66, 'buah', '0000-00-00 00:00:00', '0000-00-00 00:00:00', '0000-00-00 00:00:00'),
(245, 'Kara kecil ( sun kara 200 )', 15, 'ml', '0000-00-00 00:00:00', '0000-00-00 00:00:00', '0000-00-00 00:00:00'),
(246, 'Ikan Tenggiri', 8, 'gr', '0000-00-00 00:00:00', '0000-00-00 00:00:00', '0000-00-00 00:00:00'),
(247, 'Ikan Tongkol', 8, 'gr', '0000-00-00 00:00:00', '0000-00-00 00:00:00', '0000-00-00 00:00:00'),
(248, 'E-Clair', 66, 'buah', '0000-00-00 00:00:00', '0000-00-00 00:00:00', '0000-00-00 00:00:00'),
(249, 'Ikan Patin', 8, 'gr', '0000-00-00 00:00:00', '0000-00-00 00:00:00', '0000-00-00 00:00:00'),
(250, 'Melon', 22, 'buah', '0000-00-00 00:00:00', '0000-00-00 00:00:00', '0000-00-00 00:00:00'),
(251, 'Ketan Serundeng', 66, 'buah', '0000-00-00 00:00:00', '0000-00-00 00:00:00', '0000-00-00 00:00:00'),
(252, 'Anggur', 22, 'gr', '0000-00-00 00:00:00', '0000-00-00 00:00:00', '0000-00-00 00:00:00'),
(253, 'Singkong Pisang', 66, 'buah', '0000-00-00 00:00:00', '0000-00-00 00:00:00', '0000-00-00 00:00:00'),
(254, 'Sedotan putih kecil (Mangga)', 24, 'buah', '0000-00-00 00:00:00', '0000-00-00 00:00:00', '0000-00-00 00:00:00'),
(255, 'Ati ayam', 3, 'gr', '0000-00-00 00:00:00', '0000-00-00 00:00:00', '0000-00-00 00:00:00'),
(256, 'Krupuk Bulat Putih', 12, 'buah', '0000-00-00 00:00:00', '0000-00-00 00:00:00', '0000-00-00 00:00:00'),
(257, 'Sirsak', 18, 'buah', '0000-00-00 00:00:00', '0000-00-00 00:00:00', '0000-00-00 00:00:00'),
(258, 'Oyong', 11, 'gr', '0000-00-00 00:00:00', '0000-00-00 00:00:00', '0000-00-00 00:00:00'),
(259, 'Daun Singkong', 16, 'gr', '0000-00-00 00:00:00', '0000-00-00 00:00:00', '0000-00-00 00:00:00'),
(260, 'Biji selasih', 18, 'gr', '0000-00-00 00:00:00', '0000-00-00 00:00:00', '0000-00-00 00:00:00'),
(261, 'Donat', 66, 'buah', '0000-00-00 00:00:00', '0000-00-00 00:00:00', '0000-00-00 00:00:00'),
(262, 'Kantong plastik LOZO putih campur', 23, 'buah', '0000-00-00 00:00:00', '0000-00-00 00:00:00', '0000-00-00 00:00:00'),
(263, 'Jeruk Limo', 17, 'buah', '0000-00-00 00:00:00', '0000-00-00 00:00:00', '0000-00-00 00:00:00'),
(264, 'pete kupas', 11, 'gr', '0000-00-00 00:00:00', '0000-00-00 00:00:00', '0000-00-00 00:00:00'),
(265, 'Merica', 17, 'sdt', '0000-00-00 00:00:00', '0000-00-00 00:00:00', '0000-00-00 00:00:00'),
(266, 'Arem-arem ayam', 66, 'buah', '0000-00-00 00:00:00', '0000-00-00 00:00:00', '0000-00-00 00:00:00'),
(267, 'Kerupuk warna-warni', 12, 'gr', '0000-00-00 00:00:00', '0000-00-00 00:00:00', '0000-00-00 00:00:00'),
(268, 'Delmonte Saus Tomat', 15, 'ml', '0000-00-00 00:00:00', '0000-00-00 00:00:00', '0000-00-00 00:00:00'),
(269, 'Daging Lontong', 4, 'gr', '0000-00-00 00:00:00', '0000-00-00 00:00:00', '0000-00-00 00:00:00'),
(270, 'Susu Cair (Diamond)', 21, 'ml', '0000-00-00 00:00:00', '0000-00-00 00:00:00', '0000-00-00 00:00:00'),
(271, 'Kembang Kol', 11, 'gr', '0000-00-00 00:00:00', '0000-00-00 00:00:00', '0000-00-00 00:00:00'),
(272, 'Bubuk Pudding', 15, 'gr', '0000-00-00 00:00:00', '0000-00-00 00:00:00', '0000-00-00 00:00:00'),
(273, 'Kotak 18x18 Cetak', 23, 'buah', '0000-00-00 00:00:00', '0000-00-00 00:00:00', '0000-00-00 00:00:00'),
(274, 'Kripik singkong pedas', 66, 'buah', '0000-00-00 00:00:00', '0000-00-00 00:00:00', '0000-00-00 00:00:00'),
(275, 'gelas 10 & tutup (buah potong)', 23, 'buah', '0000-00-00 00:00:00', '0000-00-00 00:00:00', '0000-00-00 00:00:00'),
(276, 'Tomat Hijau', 11, 'gr', '0000-00-00 00:00:00', '0000-00-00 00:00:00', '0000-00-00 00:00:00'),
(277, 'Lontong polos', 16, 'buah', '0000-00-00 00:00:00', '0000-00-00 00:00:00', '0000-00-00 00:00:00'),
(278, 'Garpu kue kecil', 24, 'buah', '0000-00-00 00:00:00', '0000-00-00 00:00:00', '0000-00-00 00:00:00'),
(279, 'Tepung sagu', 14, 'gr', '0000-00-00 00:00:00', '0000-00-00 00:00:00', '0000-00-00 00:00:00'),
(280, 'Tuna', 8, 'gr', '0000-00-00 00:00:00', '0000-00-00 00:00:00', '0000-00-00 00:00:00'),
(281, 'Plastik Anti Panas (ATP) OBOR 5 kg', 23, 'buah', '0000-00-00 00:00:00', '0000-00-00 00:00:00', '0000-00-00 00:00:00'),
(282, 'Mutiara', 18, 'gr', '0000-00-00 00:00:00', '0000-00-00 00:00:00', '0000-00-00 00:00:00'),
(283, 'Pudding', 21, 'buah', '0000-00-00 00:00:00', '0000-00-00 00:00:00', '0000-00-00 00:00:00'),
(284, 'Cabe Rawit Ijo', 10, 'gr', '0000-00-00 00:00:00', '0000-00-00 00:00:00', '0000-00-00 00:00:00'),
(285, 'PakCoy', 11, 'gr', '0000-00-00 00:00:00', '0000-00-00 00:00:00', '0000-00-00 00:00:00'),
(286, 'Tutup gelas', 23, 'buah', '0000-00-00 00:00:00', '0000-00-00 00:00:00', '0000-00-00 00:00:00'),
(287, 'mika 18x18', 23, 'buah', '0000-00-00 00:00:00', '0000-00-00 00:00:00', '0000-00-00 00:00:00'),
(288, 'Daun Salam', 17, 'lembar', '0000-00-00 00:00:00', '0000-00-00 00:00:00', '0000-00-00 00:00:00'),
(289, 'Daging tenderloin', 4, 'gr', '0000-00-00 00:00:00', '0000-00-00 00:00:00', '0000-00-00 00:00:00'),
(290, 'Kolang-kaling', 18, 'sdm', '0000-00-00 00:00:00', '0000-00-00 00:00:00', '0000-00-00 00:00:00'),
(291, 'Udang Kupas', 8, 'gr', '0000-00-00 00:00:00', '0000-00-00 00:00:00', '0000-00-00 00:00:00'),
(292, 'Bengkoang', 22, 'buah', '0000-00-00 00:00:00', '0000-00-00 00:00:00', '0000-00-00 00:00:00'),
(293, 'Lontong Isi', 66, 'buah', '0000-00-00 00:00:00', '0000-00-00 00:00:00', '0000-00-00 00:00:00'),
(294, 'Abon Sapi', 15, 'gr', '0000-00-00 00:00:00', '0000-00-00 00:00:00', '0000-00-00 00:00:00'),
(295, 'Bawang Merah Iris', 13, 'gr', '0000-00-00 00:00:00', '0000-00-00 00:00:00', '0000-00-00 00:00:00'),
(296, 'Pare', 11, 'gr', '0000-00-00 00:00:00', '0000-00-00 00:00:00', '0000-00-00 00:00:00'),
(297, 'Daun Kunyit', 17, 'lembar', '0000-00-00 00:00:00', '0000-00-00 00:00:00', '0000-00-00 00:00:00'),
(298, 'Mangga muda', 16, 'buah', '0000-00-00 00:00:00', '0000-00-00 00:00:00', '0000-00-00 00:00:00'),
(299, 'Ultra Kacang Hijau 250', 65, 'buah', '0000-00-00 00:00:00', '0000-00-00 00:00:00', '0000-00-00 00:00:00'),
(300, 'Kopi Bubuk Kapal Api 380', 20, 'buah', '0000-00-00 00:00:00', '0000-00-00 00:00:00', '0000-00-00 00:00:00'),
(301, 'Royco Kaldu Sapi', 15, 'sdt', '0000-00-00 00:00:00', '0000-00-00 00:00:00', '0000-00-00 00:00:00'),
(302, 'Daun So', 17, 'gr', '0000-00-00 00:00:00', '0000-00-00 00:00:00', '0000-00-00 00:00:00'),
(303, 'sendok kecil (puding)', 24, 'buah', '0000-00-00 00:00:00', '0000-00-00 00:00:00', '0000-00-00 00:00:00'),
(304, 'Onde - Onde', 66, 'buah', '0000-00-00 00:00:00', '0000-00-00 00:00:00', '0000-00-00 00:00:00'),
(305, 'Tisu Foppy kasar  (kantin)', 24, 'buah', '0000-00-00 00:00:00', '0000-00-00 00:00:00', '0000-00-00 00:00:00'),
(306, 'Daging pasar', 4, 'gr', '0000-00-00 00:00:00', '0000-00-00 00:00:00', '0000-00-00 00:00:00'),
(307, 'Terong Ungu', 11, 'gr', '0000-00-00 00:00:00', '0000-00-00 00:00:00', '0000-00-00 00:00:00'),
(308, 'Ikan Cakalang', 8, 'gr', '0000-00-00 00:00:00', '0000-00-00 00:00:00', '0000-00-00 00:00:00'),
(309, 'Delmonte Sambal', 15, 'ml', '0000-00-00 00:00:00', '0000-00-00 00:00:00', '0000-00-00 00:00:00'),
(310, 'Kemiri', 17, 'gr', '0000-00-00 00:00:00', '0000-00-00 00:00:00', '0000-00-00 00:00:00'),
(311, 'Karet', 24, 'buah', '0000-00-00 00:00:00', '0000-00-00 00:00:00', '0000-00-00 00:00:00'),
(312, 'Pangsit', 9, 'buah', '0000-00-00 00:00:00', '0000-00-00 00:00:00', '0000-00-00 00:00:00'),
(313, 'Buavita Lychee 250', 65, 'buah', '0000-00-00 00:00:00', '0000-00-00 00:00:00', '0000-00-00 00:00:00'),
(314, 'Caesim', 11, 'gr', '0000-00-00 00:00:00', '0000-00-00 00:00:00', '0000-00-00 00:00:00'),
(315, 'Kiwi', 22, 'buah', '0000-00-00 00:00:00', '0000-00-00 00:00:00', '0000-00-00 00:00:00'),
(316, 'gelas 16', 23, 'buah', '0000-00-00 00:00:00', '0000-00-00 00:00:00', '0000-00-00 00:00:00'),
(317, 'Kotak 18x18 polos', 23, 'buah', '0000-00-00 00:00:00', '0000-00-00 00:00:00', '0000-00-00 00:00:00'),
(318, 'Ajinomoto Bumbu Masak 500', 15, 'sdt', '0000-00-00 00:00:00', '0000-00-00 00:00:00', '0000-00-00 00:00:00'),
(319, 'Gula pasir Gulaku 1 Kg', 19, 'gr', '0000-00-00 00:00:00', '0000-00-00 00:00:00', '0000-00-00 00:00:00'),
(320, 'Air mineral Aqua 600 ml', 65, 'buah', '0000-00-00 00:00:00', '0000-00-00 00:00:00', '0000-00-00 00:00:00'),
(321, 'Kismis', 16, 'gr', '0000-00-00 00:00:00', '0000-00-00 00:00:00', '0000-00-00 00:00:00'),
(322, 'Naga', 22, 'buah', '0000-00-00 00:00:00', '0000-00-00 00:00:00', '0000-00-00 00:00:00'),
(323, 'Tahu Telur Puyuh', 66, 'buah', '0000-00-00 00:00:00', '0000-00-00 00:00:00', '0000-00-00 00:00:00'),
(324, 'Ikan Dori', 8, 'gr', '0000-00-00 00:00:00', '0000-00-00 00:00:00', '0000-00-00 00:00:00'),
(325, 'Minyak samin', 2, 'gr', '0000-00-00 00:00:00', '0000-00-00 00:00:00', '0000-00-00 00:00:00'),
(326, 'Strawberry', 22, 'buah', '0000-00-00 00:00:00', '0000-00-00 00:00:00', '0000-00-00 00:00:00'),
(327, 'The Pucuk Melati 350', 65, 'buah', '0000-00-00 00:00:00', '0000-00-00 00:00:00', '0000-00-00 00:00:00'),
(328, 'Plastik Kerupuk (gapura) 15x20', 23, 'buah', '0000-00-00 00:00:00', '0000-00-00 00:00:00', '0000-00-00 00:00:00'),
(329, 'Brownies', 66, 'buah', '0000-00-00 00:00:00', '0000-00-00 00:00:00', '0000-00-00 00:00:00'),
(330, 'Kantong Plastik BAC (merah besar) 40', 23, 'buah', '0000-00-00 00:00:00', '0000-00-00 00:00:00', '0000-00-00 00:00:00'),
(331, 'Bawang Merah Kupas', 13, 'siung', '0000-00-00 00:00:00', '0000-00-00 00:00:00', '0000-00-00 00:00:00'),
(332, 'Kacang Tolo', 11, 'gr', '0000-00-00 00:00:00', '0000-00-00 00:00:00', '0000-00-00 00:00:00'),
(333, 'Mie Telur 3 Ayam 200', 9, 'gr', '0000-00-00 00:00:00', '0000-00-00 00:00:00', '0000-00-00 00:00:00'),
(334, 'Plastik 1/4 (Tomat)', 23, 'buah', '0000-00-00 00:00:00', '0000-00-00 00:00:00', '0000-00-00 00:00:00'),
(335, 'Kantong Plastik 50  LOZO (Putih besar)', 23, 'buah', '0000-00-00 00:00:00', '0000-00-00 00:00:00', '0000-00-00 00:00:00'),
(336, 'Cucur', 66, 'buah', '0000-00-00 00:00:00', '0000-00-00 00:00:00', '0000-00-00 00:00:00'),
(337, 'Sawi hijau', 11, 'gr', '0000-00-00 00:00:00', '0000-00-00 00:00:00', '0000-00-00 00:00:00'),
(338, 'Kantong Plastik 17 LOZO (Putih sedang)', 23, 'buah', '0000-00-00 00:00:00', '0000-00-00 00:00:00', '0000-00-00 00:00:00'),
(339, 'Bawang Bombay', 13, 'gr', '0000-00-00 00:00:00', '0000-00-00 00:00:00', '0000-00-00 00:00:00'),
(340, 'Risol Mayo', 66, 'buah', '0000-00-00 00:00:00', '0000-00-00 00:00:00', '0000-00-00 00:00:00'),
(341, 'Udang Kecil', 8, 'gr', '0000-00-00 00:00:00', '0000-00-00 00:00:00', '0000-00-00 00:00:00'),
(342, 'Ayam potong 4 (8 ons)', 3, 'gr', '0000-00-00 00:00:00', '0000-00-00 00:00:00', '0000-00-00 00:00:00'),
(343, 'Talam Ubi', 66, 'buah', '0000-00-00 00:00:00', '0000-00-00 00:00:00', '0000-00-00 00:00:00'),
(344, 'Plastik Anti Panas (ATP) OBOR 15x30', 23, 'buah', '0000-00-00 00:00:00', '0000-00-00 00:00:00', '0000-00-00 00:00:00'),
(345, 'Pisang Ambon', 11, 'buah', '0000-00-00 00:00:00', '0000-00-00 00:00:00', '0000-00-00 00:00:00'),
(346, 'Alpukat', 18, 'gr', '0000-00-00 00:00:00', '0000-00-00 00:00:00', '0000-00-00 00:00:00'),
(347, 'Daging Knuckle', 4, 'gr', '0000-00-00 00:00:00', '0000-00-00 00:00:00', '0000-00-00 00:00:00'),
(348, 'Bebek 1.4', 6, 'gr', '0000-00-00 00:00:00', '0000-00-00 00:00:00', '0000-00-00 00:00:00'),
(349, 'Kertas Renda (alas snackbox)', 23, 'lembar', '0000-00-00 00:00:00', '0000-00-00 00:00:00', '0000-00-00 00:00:00'),
(350, 'Nagasari', 66, 'buah', '0000-00-00 00:00:00', '0000-00-00 00:00:00', '0000-00-00 00:00:00'),
(351, 'Ikan Nila', 8, 'gr', '0000-00-00 00:00:00', '0000-00-00 00:00:00', '0000-00-00 00:00:00'),
(352, 'Asam Jawa', 17, 'gr', '0000-00-00 00:00:00', '0000-00-00 00:00:00', '0000-00-00 00:00:00'),
(353, 'Daun Bawang', 17, 'batang', '0000-00-00 00:00:00', '0000-00-00 00:00:00', '0000-00-00 00:00:00'),
(354, 'Minute Maid Orange 300', 65, 'buah', '0000-00-00 00:00:00', '0000-00-00 00:00:00', '0000-00-00 00:00:00'),
(355, 'Cabe Merah', 10, 'gr', '0000-00-00 00:00:00', '0000-00-00 00:00:00', '0000-00-00 00:00:00'),
(356, 'Asam Gelugur', 17, 'gr', '0000-00-00 00:00:00', '0000-00-00 00:00:00', '0000-00-00 00:00:00'),
(357, 'Indomie Soto 70', 9, 'buah', '0000-00-00 00:00:00', '0000-00-00 00:00:00', '0000-00-00 00:00:00'),
(358, 'Singkong', 16, 'buah', '0000-00-00 00:00:00', '0000-00-00 00:00:00', '0000-00-00 00:00:00'),
(359, 'Buah Melon', 18, 'buah', '0000-00-00 00:00:00', '0000-00-00 00:00:00', '0000-00-00 00:00:00'),
(360, 'C/T Thai Tea 400 gr', 20, 'sdt', '0000-00-00 00:00:00', '0000-00-00 00:00:00', '0000-00-00 00:00:00'),
(361, 'Lapis Legit', 66, 'buah', '0000-00-00 00:00:00', '0000-00-00 00:00:00', '0000-00-00 00:00:00'),
(362, 'Wajik', 66, 'buah', '0000-00-00 00:00:00', '0000-00-00 00:00:00', '0000-00-00 00:00:00'),
(363, 'Pisang Cavendish/ sunpride', 22, 'buah', '0000-00-00 00:00:00', '0000-00-00 00:00:00', '0000-00-00 00:00:00'),
(364, 'Beras Merah', 1, 'kg', '0000-00-00 00:00:00', '0000-00-00 00:00:00', '0000-00-00 00:00:00'),
(365, 'Kotak Snack Cetak', 23, 'buah', '0000-00-00 00:00:00', '0000-00-00 00:00:00', '0000-00-00 00:00:00'),
(366, 'Mie Ayam', 9, 'gr', '0000-00-00 00:00:00', '0000-00-00 00:00:00', '0000-00-00 00:00:00'),
(367, 'Kelapa Parut (serundeng)', 68, 'gr', '0000-00-00 00:00:00', '0000-00-00 00:00:00', '0000-00-00 00:00:00'),
(368, 'ABC Sirup Melon', 21, 'ml', '0000-00-00 00:00:00', '0000-00-00 00:00:00', '0000-00-00 00:00:00'),
(369, 'Masako Ayam', 15, 'gr', '0000-00-00 00:00:00', '0000-00-00 00:00:00', '0000-00-00 00:00:00'),
(370, 'Pepes Ikan Mas (jadi)', 8, 'buah', '0000-00-00 00:00:00', '0000-00-00 00:00:00', '0000-00-00 00:00:00'),
(371, 'Kerupuk Emping', 12, 'buah', '0000-00-00 00:00:00', '0000-00-00 00:00:00', '0000-00-00 00:00:00'),
(372, 'Bebek 1.2', 6, 'gr', '0000-00-00 00:00:00', '0000-00-00 00:00:00', '0000-00-00 00:00:00'),
(373, 'Alumunium Foil', 24, 'buah', '0000-00-00 00:00:00', '0000-00-00 00:00:00', '0000-00-00 00:00:00'),
(374, 'Apem', 66, 'buah', '0000-00-00 00:00:00', '0000-00-00 00:00:00', '0000-00-00 00:00:00'),
(375, 'Pisang Uli', 11, 'buah', '0000-00-00 00:00:00', '0000-00-00 00:00:00', '0000-00-00 00:00:00'),
(376, 'Gelas kertas', 23, 'buah', '0000-00-00 00:00:00', '0000-00-00 00:00:00', '0000-00-00 00:00:00'),
(377, 'Beras Putih', 1, 'kg', '0000-00-00 00:00:00', '0000-00-00 00:00:00', '0000-00-00 00:00:00'),
(378, 'Labu Iris', 11, 'gr', '0000-00-00 00:00:00', '0000-00-00 00:00:00', '0000-00-00 00:00:00'),
(379, 'Bubuk Singkong Keju', 15, 'gr', '0000-00-00 00:00:00', '0000-00-00 00:00:00', '0000-00-00 00:00:00'),
(380, 'Daging Giling', 4, 'gr', '0000-00-00 00:00:00', '0000-00-00 00:00:00', '0000-00-00 00:00:00'),
(381, 'Tepung Terigu', 14, 'gr', '0000-00-00 00:00:00', '0000-00-00 00:00:00', '0000-00-00 00:00:00'),
(382, 'Kacang Tanah', 11, 'gr', '0000-00-00 00:00:00', '0000-00-00 00:00:00', '0000-00-00 00:00:00'),
(383, 'Tupperware Bumbu', 23, 'buah', '0000-00-00 00:00:00', '0000-00-00 00:00:00', '0000-00-00 00:00:00'),
(384, 'Daun Pandan', 17, 'lembar', '0000-00-00 00:00:00', '0000-00-00 00:00:00', '0000-00-00 00:00:00'),
(385, 'Kecap inggris', 15, 'ml', '0000-00-00 00:00:00', '0000-00-00 00:00:00', '0000-00-00 00:00:00'),
(386, 'Ketumbar bubuk', 15, 'gr', '0000-00-00 00:00:00', '0000-00-00 00:00:00', '0000-00-00 00:00:00'),
(387, 'Cireng', 66, 'buah', '0000-00-00 00:00:00', '0000-00-00 00:00:00', '0000-00-00 00:00:00'),
(388, 'Timun Jepang', 11, 'buah', '0000-00-00 00:00:00', '0000-00-00 00:00:00', '0000-00-00 00:00:00'),
(389, 'Kencur', 17, 'gr', '0000-00-00 00:00:00', '0000-00-00 00:00:00', '0000-00-00 00:00:00'),
(390, 'Poci The Celup 25x2', 21, 'buah', '0000-00-00 00:00:00', '0000-00-00 00:00:00', '0000-00-00 00:00:00'),
(391, 'Kotak Plastik 750 ml', 23, 'buah', '0000-00-00 00:00:00', '0000-00-00 00:00:00', '0000-00-00 00:00:00'),
(392, 'Kol', 11, 'gr', '0000-00-00 00:00:00', '0000-00-00 00:00:00', '0000-00-00 00:00:00'),
(393, 'Belimbing', 22, 'buah', '0000-00-00 00:00:00', '0000-00-00 00:00:00', '0000-00-00 00:00:00'),
(394, 'Kerupuk CK Konde', 12, '', '0000-00-00 00:00:00', '0000-00-00 00:00:00', '0000-00-00 00:00:00'),
(395, 'Klaper tart', 66, 'buah', '0000-00-00 00:00:00', '0000-00-00 00:00:00', '0000-00-00 00:00:00'),
(396, 'Telur Asin', 7, 'buah', '0000-00-00 00:00:00', '0000-00-00 00:00:00', '0000-00-00 00:00:00'),
(397, 'Martabak', 66, 'buah', '0000-00-00 00:00:00', '0000-00-00 00:00:00', '0000-00-00 00:00:00'),
(398, 'Sere', 17, 'batang', '0000-00-00 00:00:00', '0000-00-00 00:00:00', '0000-00-00 00:00:00'),
(399, 'Ikan Gurame', 8, 'gr', '0000-00-00 00:00:00', '0000-00-00 00:00:00', '0000-00-00 00:00:00'),
(400, 'Tisu Potong kasar (kotakan)', 24, 'buah', '0000-00-00 00:00:00', '0000-00-00 00:00:00', '0000-00-00 00:00:00'),
(401, 'Masako Sapi', 15, 'sdt', '0000-00-00 00:00:00', '0000-00-00 00:00:00', '0000-00-00 00:00:00'),
(402, 'Dimsum', 66, 'buah', '0000-00-00 00:00:00', '0000-00-00 00:00:00', '0000-00-00 00:00:00'),
(403, 'Teri Nasi / Teri Medan', 8, 'gr', '0000-00-00 00:00:00', '0000-00-00 00:00:00', '0000-00-00 00:00:00'),
(404, 'Gula batu RRC 400 gr', 19, 'gr', '0000-00-00 00:00:00', '0000-00-00 00:00:00', '0000-00-00 00:00:00'),
(405, 'Jentik Manis', 66, 'buah', '0000-00-00 00:00:00', '0000-00-00 00:00:00', '0000-00-00 00:00:00'),
(406, 'SKM Coklat Kaleng', 21, 'ml', '0000-00-00 00:00:00', '0000-00-00 00:00:00', '0000-00-00 00:00:00'),
(407, 'Carnation KKM 370 gr', 21, 'sdt', '0000-00-00 00:00:00', '0000-00-00 00:00:00', '0000-00-00 00:00:00'),
(408, 'Krupuk Bawang', 12, '', '0000-00-00 00:00:00', '0000-00-00 00:00:00', '0000-00-00 00:00:00'),
(409, 'Parsley', 11, 'gr', '0000-00-00 00:00:00', '0000-00-00 00:00:00', '0000-00-00 00:00:00'),
(410, 'Saus tomat', 15, 'ml', '0000-00-00 00:00:00', '0000-00-00 00:00:00', '0000-00-00 00:00:00'),
(411, 'Putu Ayu', 66, 'buah', '0000-00-00 00:00:00', '0000-00-00 00:00:00', '0000-00-00 00:00:00'),
(412, 'Kertas Nasi Coklat', 23, 'lembar', '0000-00-00 00:00:00', '0000-00-00 00:00:00', '0000-00-00 00:00:00'),
(413, 'gelas 14', 23, 'buah', '0000-00-00 00:00:00', '0000-00-00 00:00:00', '0000-00-00 00:00:00'),
(414, 'Es Batu', 18, 'gr', '0000-00-00 00:00:00', '0000-00-00 00:00:00', '0000-00-00 00:00:00'),
(415, 'semangka', 22, 'potong', '0000-00-00 00:00:00', '0000-00-00 00:00:00', '0000-00-00 00:00:00'),
(416, 'Cabe Ijo Besar', 10, 'gr', '0000-00-00 00:00:00', '0000-00-00 00:00:00', '0000-00-00 00:00:00'),
(417, 'Pastel', 66, 'buah', '0000-00-00 00:00:00', '0000-00-00 00:00:00', '0000-00-00 00:00:00'),
(418, 'Pop Mie', 9, 'buah', '0000-00-00 00:00:00', '0000-00-00 00:00:00', '0000-00-00 00:00:00'),
(419, 'Terong Ijo', 11, 'gr', '0000-00-00 00:00:00', '0000-00-00 00:00:00', '0000-00-00 00:00:00'),
(420, 'Krupuk Udang', 12, 'buah', '0000-00-00 00:00:00', '0000-00-00 00:00:00', '0000-00-00 00:00:00'),
(421, 'Pepes tahu (jadi)', 67, 'buah', '0000-00-00 00:00:00', '0000-00-00 00:00:00', '0000-00-00 00:00:00'),
(422, 'Bugis', 66, 'buah', '0000-00-00 00:00:00', '0000-00-00 00:00:00', '0000-00-00 00:00:00'),
(423, 'piring plastik sedang', 23, 'buah', '0000-00-00 00:00:00', '0000-00-00 00:00:00', '0000-00-00 00:00:00'),
(424, 'Sendok makan bening', 24, 'buah', '0000-00-00 00:00:00', '0000-00-00 00:00:00', '0000-00-00 00:00:00'),
(425, 'Rolade', 4, 'buah', '0000-00-00 00:00:00', '0000-00-00 00:00:00', '0000-00-00 00:00:00'),
(426, 'Kerupuk Gendar', 12, 'buah', '0000-00-00 00:00:00', '0000-00-00 00:00:00', '0000-00-00 00:00:00'),
(427, 'Kacang tanah giling', 11, 'gr', '0000-00-00 00:00:00', '0000-00-00 00:00:00', '0000-00-00 00:00:00'),
(428, 'Air mineral 600 ml', 65, 'buah', '0000-00-00 00:00:00', '0000-00-00 00:00:00', '0000-00-00 00:00:00'),
(429, 'Bawang Putih Iris', 13, 'gr', '0000-00-00 00:00:00', '0000-00-00 00:00:00', '0000-00-00 00:00:00'),
(430, 'Kacang Kedelai', 11, 'gr', '0000-00-00 00:00:00', '0000-00-00 00:00:00', '0000-00-00 00:00:00'),
(431, 'Sasa Tepung Gr. Pisang ', 14, 'gr', '0000-00-00 00:00:00', '0000-00-00 00:00:00', '0000-00-00 00:00:00'),
(432, 'Biji Wijen', 15, 'gr', '0000-00-00 00:00:00', '0000-00-00 00:00:00', '0000-00-00 00:00:00'),
(433, 'Stik Balado', 66, 'buah', '0000-00-00 00:00:00', '0000-00-00 00:00:00', '0000-00-00 00:00:00'),
(434, 'Jahe Giling', 17, 'gr', '0000-00-00 00:00:00', '0000-00-00 00:00:00', '0000-00-00 00:00:00'),
(435, 'Jeruk Nipis', 18, 'buah', '0000-00-00 00:00:00', '0000-00-00 00:00:00', '0000-00-00 00:00:00'),
(436, 'Es Doger', 18, 'buah', '0000-00-00 00:00:00', '0000-00-00 00:00:00', '0000-00-00 00:00:00'),
(437, 'Timun', 11, 'buah', '0000-00-00 00:00:00', '0000-00-00 00:00:00', '0000-00-00 00:00:00'),
(438, 'Nangka Sayur', 11, 'gr', '0000-00-00 00:00:00', '0000-00-00 00:00:00', '0000-00-00 00:00:00'),
(439, 'Lada hitam bubuk', 15, 'gr', '0000-00-00 00:00:00', '0000-00-00 00:00:00', '0000-00-00 00:00:00'),
(440, 'mika 20x20', 23, 'buah', '0000-00-00 00:00:00', '0000-00-00 00:00:00', '0000-00-00 00:00:00'),
(441, 'Bubuk Paprika', 15, 'gr', '0000-00-00 00:00:00', '0000-00-00 00:00:00', '0000-00-00 00:00:00'),
(442, 'Tepung tapioka', 14, 'gr', '0000-00-00 00:00:00', '0000-00-00 00:00:00', '0000-00-00 00:00:00'),
(443, 'Bawang Putih Giling', 13, 'gr', '0000-00-00 00:00:00', '0000-00-00 00:00:00', '0000-00-00 00:00:00'),
(444, 'Isolasi Sedang', 24, 'buah', '0000-00-00 00:00:00', '0000-00-00 00:00:00', '0000-00-00 00:00:00'),
(445, 'Sosis Sapi', 4, 'buah', '0000-00-00 00:00:00', '0000-00-00 00:00:00', '0000-00-00 00:00:00'),
(446, 'Kerupuk Finna', 12, 'buah', '0000-00-00 00:00:00', '0000-00-00 00:00:00', '0000-00-00 00:00:00'),
(447, 'Smoked Beef', 66, 'buah', '0000-00-00 00:00:00', '0000-00-00 00:00:00', '0000-00-00 00:00:00'),
(448, 'Laos Giling', 17, 'gr', '0000-00-00 00:00:00', '0000-00-00 00:00:00', '0000-00-00 00:00:00'),
(449, 'Air Mineral Aqua 330 ml', 65, 'buah', '0000-00-00 00:00:00', '0000-00-00 00:00:00', '0000-00-00 00:00:00');

-- --------------------------------------------------------

--
-- Struktur dari tabel `bahan_produk`
--

CREATE TABLE `bahan_produk` (
  `bp_id` int(10) NOT NULL,
  `bahan_id` int(10) NOT NULL,
  `produk_id` int(10) NOT NULL,
  `qty_bp` decimal(10,2) NOT NULL,
  `created_at` timestamp NOT NULL DEFAULT current_timestamp(),
  `updated_at` timestamp NULL DEFAULT NULL
) ENGINE=InnoDB DEFAULT CHARSET=latin1;

--
-- Dumping data untuk tabel `bahan_produk`
--

INSERT INTO `bahan_produk` (`bp_id`, `bahan_id`, `produk_id`, `qty_bp`, `created_at`, `updated_at`) VALUES
(121, 377, 2, '3.00', '2020-12-04 22:55:19', NULL),
(122, 288, 2, '5.00', '2020-12-04 22:55:19', NULL),
(123, 398, 2, '3.00', '2020-12-04 22:55:19', NULL),
(124, 200, 2, '600.00', '2020-12-04 22:55:19', NULL),
(125, 229, 2, '9.00', '2020-12-04 22:55:19', NULL),
(126, 139, 2, '9.00', '2020-12-04 22:55:19', NULL),
(127, 236, 2, '5.00', '2020-12-04 22:55:19', NULL),
(128, 331, 2, '5.00', '2020-12-04 22:55:19', NULL),
(129, 59, 2, '3.00', '2020-12-04 22:55:19', NULL),
(130, 377, 3, '4.00', '2020-12-04 22:55:19', NULL),
(131, 288, 3, '5.00', '2020-12-04 22:55:19', NULL),
(132, 56, 3, '8.00', '2020-12-04 22:55:19', NULL),
(133, 147, 3, '100.00', '2020-12-04 22:55:19', NULL),
(134, 398, 3, '4.00', '2020-12-04 22:55:19', NULL),
(135, 200, 3, '800.00', '2020-12-04 22:55:19', NULL),
(136, 136, 3, '4.00', '2020-12-04 22:55:19', NULL),
(137, 188, 3, '100.00', '2020-12-04 22:55:19', NULL),
(138, 236, 3, '90.00', '2020-12-04 22:55:19', NULL),
(139, 59, 3, '4.00', '2020-12-04 22:55:19', NULL),
(140, 377, 4, '3.00', '2020-12-04 22:55:19', NULL),
(141, 288, 4, '5.00', '2020-12-04 22:55:19', NULL),
(142, 56, 4, '6.00', '2020-12-04 22:55:19', NULL),
(143, 200, 4, '600.00', '2020-12-04 22:55:19', NULL),
(144, 136, 4, '3.00', '2020-12-04 22:55:19', NULL),
(145, 4, 4, '50.00', '2020-12-04 22:55:19', NULL),
(146, 236, 4, '30.00', '2020-12-04 22:55:19', NULL),
(147, 59, 4, '3000.00', '2020-12-04 22:55:19', NULL),
(148, 377, 5, '1000.00', '2020-12-04 22:55:19', NULL),
(149, 4, 5, '25.00', '2020-12-04 22:55:19', NULL),
(150, 429, 5, '25.00', '2020-12-04 22:55:19', NULL),
(151, 416, 5, '20.00', '2020-12-04 22:55:19', NULL),
(152, 131, 5, '30.00', '2020-12-04 22:55:19', NULL),
(153, 139, 5, '1.00', '2020-12-04 22:55:19', NULL),
(154, 229, 5, '1.00', '2020-12-04 22:55:19', NULL),
(155, 188, 5, '4.00', '2020-12-04 22:55:19', NULL),
(156, 70, 5, '2.00', '2020-12-04 22:55:19', NULL),
(157, 377, 6, '180.00', '2020-12-04 22:55:19', NULL),
(160, 178, 6, '2.00', '2020-12-04 22:55:19', NULL),
(162, 353, 6, '1.00', '2020-12-04 22:55:19', NULL),
(164, 337, 6, '5.00', '2020-12-04 22:55:19', NULL),
(166, 392, 6, '5.00', '2020-12-04 22:55:19', NULL),
(168, 188, 6, '40.00', '2020-12-04 22:55:19', NULL),
(169, 229, 6, '0.50', '2020-12-04 22:55:19', NULL),
(172, 139, 6, '0.25', '2020-12-04 22:55:19', NULL),
(174, 99, 6, '0.25', '2020-12-04 22:55:19', NULL),
(175, 377, 7, '150.00', '2020-12-04 22:55:19', NULL),
(176, 178, 7, '2.00', '2020-12-04 22:55:19', NULL),
(177, 176, 7, '1.00', '2020-12-04 22:55:19', NULL),
(178, 337, 7, '10.00', '2020-12-04 22:55:19', NULL),
(179, 353, 7, '5.00', '2020-12-04 22:55:19', NULL),
(180, 441, 7, '1.00', '2020-12-04 22:55:19', NULL),
(181, 410, 7, '1.00', '2020-12-04 22:55:19', NULL),
(182, 229, 7, '1.00', '2020-12-04 22:55:19', NULL),
(183, 301, 7, '0.25', '2020-12-04 22:55:19', NULL),
(184, 99, 7, '0.25', '2020-12-04 22:55:19', NULL),
(185, 70, 7, '2.00', '2020-12-04 22:55:19', NULL),
(186, 377, 8, '150.00', '2020-12-04 22:55:19', NULL),
(187, 156, 8, '50.00', '2020-12-04 22:55:19', NULL),
(188, 178, 8, '1.00', '2020-12-04 22:55:19', NULL),
(189, 229, 8, '1.00', '2020-12-04 22:55:19', NULL),
(190, 70, 8, '2.00', '2020-12-04 22:55:19', NULL),
(191, 301, 8, '0.25', '2020-12-04 22:55:19', NULL),
(192, 99, 8, '0.25', '2020-12-04 22:55:19', NULL),
(193, 89, 8, '2.00', '2020-12-04 22:55:19', NULL),
(194, 403, 9, '100.00', '2020-12-04 22:55:19', NULL),
(195, 82, 9, '100.00', '2020-12-04 22:55:19', NULL),
(196, 188, 9, '250.00', '2020-12-04 22:55:19', NULL),
(197, 140, 9, '5.00', '2020-12-04 22:55:19', NULL),
(198, 220, 9, '0.00', '2020-12-04 22:55:19', NULL),
(199, 9, 9, '0.00', '2020-12-04 22:55:19', NULL),
(200, 103, 10, '150.00', '2020-12-04 22:55:19', NULL),
(201, 162, 10, '100.00', '2020-12-04 22:55:19', NULL),
(202, 188, 10, '100.00', '2020-12-04 22:55:19', NULL),
(203, 416, 10, '50.00', '2020-12-04 22:55:19', NULL),
(204, 284, 10, '30.00', '2020-12-04 22:55:19', NULL),
(205, 4, 10, '20.00', '2020-12-04 22:55:19', NULL),
(206, 443, 10, '20.00', '2020-12-04 22:55:19', NULL),
(207, 229, 10, '1.00', '2020-12-04 22:55:19', NULL),
(208, 99, 10, '0.50', '2020-12-04 22:55:19', NULL),
(209, 137, 10, '1.00', '2020-12-04 22:55:19', NULL),
(210, 117, 10, '1.00', '2020-12-04 22:55:19', NULL),
(211, 220, 10, '0.00', '2020-12-04 22:55:19', NULL),
(212, 9, 10, '0.00', '2020-12-04 22:55:19', NULL),
(218, 237, 11, '200.00', '2020-12-04 22:55:19', NULL),
(219, 264, 11, '4.00', '2020-12-04 22:55:19', NULL),
(220, 188, 11, '200.00', '2020-12-04 22:55:19', NULL),
(221, 220, 11, '0.00', '2020-12-04 22:55:19', NULL),
(222, 9, 11, '0.00', '2020-12-04 22:55:19', NULL),
(223, 188, 12, '2.00', '2020-12-04 22:55:19', NULL),
(224, 220, 12, '0.00', '2020-12-04 22:55:19', NULL),
(225, 9, 12, '0.00', '2020-12-04 22:55:19', NULL),
(226, 308, 13, '500.00', '2020-12-04 22:55:19', NULL),
(227, 302, 13, '10.00', '2020-12-04 22:55:19', NULL),
(228, 188, 13, '250.00', '2020-12-04 22:55:19', NULL),
(229, 4, 13, '30.00', '2020-12-04 22:55:19', NULL),
(230, 443, 13, '20.00', '2020-12-04 22:55:19', NULL),
(231, 157, 13, '50.00', '2020-12-04 22:55:19', NULL),
(232, 131, 13, '20.00', '2020-12-04 22:55:19', NULL),
(233, 38, 13, '5.00', '2020-12-04 22:55:19', NULL),
(234, 242, 13, '5.00', '2020-12-04 22:55:19', NULL),
(235, 56, 13, '3.00', '2020-12-04 22:55:19', NULL),
(236, 398, 13, '2.00', '2020-12-04 22:55:19', NULL),
(237, 229, 13, '0.50', '2020-12-04 22:55:19', NULL),
(238, 99, 13, '0.50', '2020-12-04 22:55:19', NULL),
(239, 139, 13, '0.25', '2020-12-04 22:55:19', NULL),
(240, 59, 13, '100.00', '2020-12-04 22:55:19', NULL),
(241, 220, 13, '0.00', '2020-12-04 22:55:19', NULL),
(242, 9, 13, '0.00', '2020-12-04 22:55:19', NULL),
(243, 342, 14, '5.00', '2020-12-04 22:55:19', NULL),
(244, 4, 14, '100.00', '2020-12-04 22:55:19', NULL),
(245, 443, 14, '100.00', '2020-12-04 22:55:19', NULL),
(246, 215, 14, '30.00', '2020-12-04 22:55:19', NULL),
(247, 288, 14, '5.00', '2020-12-04 22:55:19', NULL),
(248, 76, 14, '300.00', '2020-12-04 22:55:19', NULL),
(249, 137, 14, '200.00', '2020-12-04 22:55:19', NULL),
(250, 229, 14, '1.00', '2020-12-04 22:55:19', NULL),
(251, 59, 14, '1000.00', '2020-12-04 22:55:19', NULL),
(252, 180, 14, '200.00', '2020-12-04 22:55:19', NULL),
(255, 1, 24, '13413.00', '2020-12-04 15:55:41', '2020-12-04 15:55:41'),
(256, 3, 24, '34.00', '2020-12-04 15:55:41', '2020-12-04 15:55:41'),
(259, 4, 27, '14.00', '2020-12-04 16:44:23', '2020-12-04 16:44:23');

-- --------------------------------------------------------

--
-- Struktur dari tabel `kategoris`
--

CREATE TABLE `kategoris` (
  `id` int(11) NOT NULL,
  `nama_kategori` varchar(100) NOT NULL,
  `keterangan_kategori` varchar(100) NOT NULL,
  `kode` int(1) NOT NULL,
  `created_at` timestamp NOT NULL DEFAULT current_timestamp(),
  `updated_at` timestamp NULL DEFAULT NULL,
  `deleted_at` timestamp NULL DEFAULT NULL
) ENGINE=MyISAM DEFAULT CHARSET=latin1;

--
-- Dumping data untuk tabel `kategoris`
--

INSERT INTO `kategoris` (`id`, `nama_kategori`, `keterangan_kategori`, `kode`, `created_at`, `updated_at`, `deleted_at`) VALUES
(1, 'Beras', 'beras', 3, '0000-00-00 00:00:00', '0000-00-00 00:00:00', '0000-00-00 00:00:00'),
(2, 'Minyak', 'Minyak untuk menggoreng', 3, '0000-00-00 00:00:00', '0000-00-00 00:00:00', '0000-00-00 00:00:00'),
(3, 'Ayam', 'ayam', 3, '0000-00-00 00:00:00', '0000-00-00 00:00:00', '0000-00-00 00:00:00'),
(4, 'Daging Sapi', 'daging sapi', 3, '0000-00-00 00:00:00', '0000-00-00 00:00:00', '0000-00-00 00:00:00'),
(5, 'Iga Sapi', 'iga sapi', 3, '0000-00-00 00:00:00', '0000-00-00 00:00:00', '0000-00-00 00:00:00'),
(6, 'Bebek', 'bebek', 3, '0000-00-00 00:00:00', '0000-00-00 00:00:00', '0000-00-00 00:00:00'),
(7, 'Telur', 'telur', 3, '0000-00-00 00:00:00', '0000-00-00 00:00:00', '0000-00-00 00:00:00'),
(8, 'Seafood', 'bahan ikan, cumi, udang , dan sebagainya', 3, '0000-00-00 00:00:00', '0000-00-00 00:00:00', '0000-00-00 00:00:00'),
(9, 'Mie', 'mie, bihun, dan sebagainya', 3, '0000-00-00 00:00:00', '0000-00-00 00:00:00', '0000-00-00 00:00:00'),
(10, 'Cabe', 'cabe-cabean', 3, '0000-00-00 00:00:00', '0000-00-00 00:00:00', '0000-00-00 00:00:00'),
(11, 'Sayuran dan Tomat', 'sayuran dan tomat', 3, '0000-00-00 00:00:00', '0000-00-00 00:00:00', '0000-00-00 00:00:00'),
(12, 'Kerupuk', 'bahan kerupuk', 3, '0000-00-00 00:00:00', '0000-00-00 00:00:00', '0000-00-00 00:00:00'),
(13, 'Bawang', 'bawang-bawangan', 3, '0000-00-00 00:00:00', '0000-00-00 00:00:00', '0000-00-00 00:00:00'),
(14, 'Tepung', 'tepung-tepungan', 3, '0000-00-00 00:00:00', '0000-00-00 00:00:00', '0000-00-00 00:00:00'),
(15, 'Bumbu Kemasan', 'bumbu-bumbu dalam kemasan', 3, '0000-00-00 00:00:00', '0000-00-00 00:00:00', '0000-00-00 00:00:00'),
(16, 'Pelengkap Segar lainnya', 'bahan pelengkap segar lainnya', 3, '0000-00-00 00:00:00', '0000-00-00 00:00:00', '0000-00-00 00:00:00'),
(17, 'Rempah-rempah', 'rempah-rempah', 3, '0000-00-00 00:00:00', '0000-00-00 00:00:00', '0000-00-00 00:00:00'),
(18, 'Bahan minuman segar', 'bahan minuman segar (kelapa, cincau, dsb)', 3, '0000-00-00 00:00:00', '0000-00-00 00:00:00', '0000-00-00 00:00:00'),
(19, 'Gula', 'gula', 3, '0000-00-00 00:00:00', '0000-00-00 00:00:00', '0000-00-00 00:00:00'),
(20, 'Kopi dan Teh', 'kopi dan teh', 3, '0000-00-00 00:00:00', '0000-00-00 00:00:00', '0000-00-00 00:00:00'),
(21, 'Bahan minuman kemasan', 'bahan minuman kemasan (susu, dsb)', 3, '0000-00-00 00:00:00', '0000-00-00 00:00:00', '0000-00-00 00:00:00'),
(22, 'Buah-buahan', 'buah-buahan', 3, '0000-00-00 00:00:00', '0000-00-00 00:00:00', '0000-00-00 00:00:00'),
(23, 'kemasan', 'kemasan (kotak, plastik, gelas, piring plastik, tusuk sate, alumunium foil dsb)', 3, '0000-00-00 00:00:00', '0000-00-00 00:00:00', '0000-00-00 00:00:00'),
(24, 'pelengkap kemasan', 'pelengkap kemasan (sendok plastik, sedotan, tisu, tusuk gigi, isolasi dsb)', 3, '0000-00-00 00:00:00', '0000-00-00 00:00:00', '0000-00-00 00:00:00'),
(25, 'Nasi Dasar', 'nasi dasar', 2, '0000-00-00 00:00:00', '0000-00-00 00:00:00', '0000-00-00 00:00:00'),
(26, 'Nasi Goreng', 'nasi goreng', 2, '0000-00-00 00:00:00', '0000-00-00 00:00:00', '0000-00-00 00:00:00'),
(27, 'Nasi Bakar', 'nasi bakar', 2, '0000-00-00 00:00:00', '0000-00-00 00:00:00', '0000-00-00 00:00:00'),
(28, 'Lauk Ayam', 'lauk bahan dasar ayam', 2, '0000-00-00 00:00:00', '0000-00-00 00:00:00', '0000-00-00 00:00:00'),
(29, 'Lauk Bebek', 'lauk bahan dasar bebek', 2, '0000-00-00 00:00:00', '0000-00-00 00:00:00', '0000-00-00 00:00:00'),
(30, 'Lauk Daging Sapi', 'lauk bahan dasar daging sapi', 2, '0000-00-00 00:00:00', '0000-00-00 00:00:00', '0000-00-00 00:00:00'),
(31, 'Lauk Iga Sapi', 'lauk bahan dasar Iga Sapi', 2, '0000-00-00 00:00:00', '0000-00-00 00:00:00', '0000-00-00 00:00:00'),
(32, 'Lauk Ikan', 'lauk bahan dasar ikan', 2, '0000-00-00 00:00:00', '0000-00-00 00:00:00', '0000-00-00 00:00:00'),
(33, 'Lauk Udang', 'lauk bahan dasar udang', 2, '0000-00-00 00:00:00', '0000-00-00 00:00:00', '0000-00-00 00:00:00'),
(34, 'Lauk Cumi', 'lauk bahan dasar cumi', 2, '0000-00-00 00:00:00', '0000-00-00 00:00:00', '0000-00-00 00:00:00'),
(35, 'Soto', 'soto-sotoan', 2, '0000-00-00 00:00:00', '0000-00-00 00:00:00', '0000-00-00 00:00:00'),
(36, 'Pendamping Tahu', 'pendamping tahu', 2, '0000-00-00 00:00:00', '0000-00-00 00:00:00', '0000-00-00 00:00:00'),
(37, 'Pendamping Tempe', 'pendamping tempe', 2, '0000-00-00 00:00:00', '0000-00-00 00:00:00', '0000-00-00 00:00:00'),
(38, 'Pendamping Lain-lain', 'pendamping lain-lain (selain bahan tahu dan tempe)', 2, '0000-00-00 00:00:00', '0000-00-00 00:00:00', '0000-00-00 00:00:00'),
(39, 'Lauk Telur', 'lauk bahan dasar telur', 2, '0000-00-00 00:00:00', '0000-00-00 00:00:00', '0000-00-00 00:00:00'),
(40, 'Sayur Urap dsb', 'sayur urap, pecel, gado-gado, dan sebagainya', 2, '0000-00-00 00:00:00', '0000-00-00 00:00:00', '0000-00-00 00:00:00'),
(41, 'Sayur Tumis', 'sayur tumis', 2, '0000-00-00 00:00:00', '0000-00-00 00:00:00', '0000-00-00 00:00:00'),
(42, 'Sayur Kuah', 'sayur dengan kuah', 2, '0000-00-00 00:00:00', '0000-00-00 00:00:00', '0000-00-00 00:00:00'),
(43, 'Mie dan Bihun', 'mie dan bihun', 2, '0000-00-00 00:00:00', '0000-00-00 00:00:00', '0000-00-00 00:00:00'),
(44, 'Sayur lainnya', 'sayur lainnya', 2, '0000-00-00 00:00:00', '0000-00-00 00:00:00', '0000-00-00 00:00:00'),
(45, 'Sambal', 'sambal', 2, '0000-00-00 00:00:00', '0000-00-00 00:00:00', '0000-00-00 00:00:00'),
(46, 'Bumbu Dasar', 'bumbu dasar atau pasta bumbu', 2, '0000-00-00 00:00:00', '0000-00-00 00:00:00', '0000-00-00 00:00:00'),
(47, 'Bumbu Pencampur', 'bumbu pencampur seperti bumbu urap, bumbu pecel dan sebagainya', 2, '0000-00-00 00:00:00', '0000-00-00 00:00:00', '0000-00-00 00:00:00'),
(48, 'Bumbu Saus', 'bumbu saus atau bumbu cair', 2, '0000-00-00 00:00:00', '0000-00-00 00:00:00', '0000-00-00 00:00:00'),
(49, 'Minuman Teh', 'minuman teh', 2, '0000-00-00 00:00:00', '0000-00-00 00:00:00', '0000-00-00 00:00:00'),
(50, 'Minuman Kopi dan Susu', 'minuman kopi dan susu', 2, '0000-00-00 00:00:00', '0000-00-00 00:00:00', '0000-00-00 00:00:00'),
(51, 'Masakan Pelengkap', 'masakan pelengkap', 2, '0000-00-00 00:00:00', '0000-00-00 00:00:00', '0000-00-00 00:00:00'),
(52, 'Minuman Tradisional', 'minuman tradisional', 2, '0000-00-00 00:00:00', '0000-00-00 00:00:00', '0000-00-00 00:00:00'),
(53, 'Minuman Buah', 'minuman berbahan dasar buah, kelapa, jeruk, juice, dsb', 2, '0000-00-00 00:00:00', '0000-00-00 00:00:00', '0000-00-00 00:00:00'),
(54, 'Snack', 'Snack atau makanan ringan', 2, '0000-00-00 00:00:00', '0000-00-00 00:00:00', '0000-00-00 00:00:00'),
(55, 'Menu Resto', 'menu yang disajikan langsung di resto / dine-in', 1, '0000-00-00 00:00:00', '0000-00-00 00:00:00', '0000-00-00 00:00:00'),
(56, 'Tumpeng', 'tumpeng', 1, '0000-00-00 00:00:00', '0000-00-00 00:00:00', '0000-00-00 00:00:00'),
(57, 'Nasi Kotak Ayam', 'Nasi kotak dengan lauk utama Ayam', 1, '0000-00-00 00:00:00', '0000-00-00 00:00:00', '0000-00-00 00:00:00'),
(58, 'Nasi Kotak Daging Sapi', 'Nasi Kotak dengan lauk utama daging sapi', 1, '0000-00-00 00:00:00', '0000-00-00 00:00:00', '0000-00-00 00:00:00'),
(59, 'Nasi Kotak Iga Sapi', 'Nasi kotak dengan lauk utama Iga Sapi', 1, '0000-00-00 00:00:00', '0000-00-00 00:00:00', '0000-00-00 00:00:00'),
(60, 'Nasi Kotak Bebek', 'Nasi kotak dengan lauk utama bebek', 1, '0000-00-00 00:00:00', '0000-00-00 00:00:00', '0000-00-00 00:00:00'),
(61, 'Nasi Kotak Nasi Bakar', 'Nasi kotak dengan menu utama nasi bakar', 1, '0000-00-00 00:00:00', '0000-00-00 00:00:00', '0000-00-00 00:00:00'),
(62, 'Nasi Kotak Lainnya', 'Nasi kotak dengan nama yang sudah khusus seperti nasi langgi,nasi jinggo, nasi liwet, dsb', 1, '0000-00-00 00:00:00', '0000-00-00 00:00:00', '0000-00-00 00:00:00'),
(63, 'Menu Prasmanan', 'Paket produk menu-menu untuk sajian prasmanan', 1, '0000-00-00 00:00:00', '0000-00-00 00:00:00', '0000-00-00 00:00:00'),
(64, 'Menu Snackbox', 'Menu untuk snacbox (kue-kue, minuman, kacang-kacangan, dsb)', 1, '0000-00-00 00:00:00', '0000-00-00 00:00:00', '0000-00-00 00:00:00'),
(65, 'Minuman Kemasan', 'minuman dalam kemasan (produk jadi)', 3, '0000-00-00 00:00:00', '0000-00-00 00:00:00', '0000-00-00 00:00:00'),
(66, 'Kue', 'kue produk jadi', 3, '0000-00-00 00:00:00', '0000-00-00 00:00:00', '0000-00-00 00:00:00'),
(67, 'Tahu-Tempe', 'bahan tahu-tempe', 3, '0000-00-00 00:00:00', '0000-00-00 00:00:00', '0000-00-00 00:00:00'),
(68, 'Bahan Masak Kelapa', 'Bahan masak dari kelapa (kelapa parut, santan, dan sebagainya)', 3, '0000-00-00 00:00:00', '0000-00-00 00:00:00', '0000-00-00 00:00:00'),
(69, 'Air', 'Air untuk masak', 3, '0000-00-00 00:00:00', '0000-00-00 00:00:00', '0000-00-00 00:00:00'),
(70, 'Air', 'Air untuk masak', 3, '0000-00-00 00:00:00', '0000-00-00 00:00:00', '0000-00-00 00:00:00');

-- --------------------------------------------------------

--
-- Struktur dari tabel `paketans`
--

CREATE TABLE `paketans` (
  `id` int(10) NOT NULL,
  `nama_paket` varchar(100) NOT NULL,
  `deskripsi` varchar(255) NOT NULL,
  `kategori_id` varchar(10) NOT NULL,
  `d_jam` int(2) NOT NULL,
  `d_menit` int(2) NOT NULL,
  `d_detik` int(2) NOT NULL,
  `harga_paket` int(100) NOT NULL,
  `foto_paket` varchar(255) NOT NULL,
  `porsi` int(11) NOT NULL,
  `created_at` timestamp NOT NULL DEFAULT current_timestamp(),
  `updated_at` timestamp NULL DEFAULT NULL,
  `deleted_at` timestamp NULL DEFAULT NULL
) ENGINE=InnoDB DEFAULT CHARSET=latin1;

--
-- Dumping data untuk tabel `paketans`
--

INSERT INTO `paketans` (`id`, `nama_paket`, `deskripsi`, `kategori_id`, `d_jam`, `d_menit`, `d_detik`, `harga_paket`, `foto_paket`, `porsi`, `created_at`, `updated_at`, `deleted_at`) VALUES
(1, 'aeg', 'eag', '1', 13, 34, 13, 134135, 'eaf', 13, '2020-12-04 14:28:48', NULL, NULL);

-- --------------------------------------------------------

--
-- Struktur dari tabel `paketan_pesanan`
--

CREATE TABLE `paketan_pesanan` (
  `pap_id` int(11) NOT NULL,
  `paketan_id` int(10) NOT NULL,
  `pesanan_id` int(10) NOT NULL,
  `qty_pap` int(11) NOT NULL,
  `created_at` timestamp NOT NULL DEFAULT current_timestamp(),
  `updated_at` timestamp NULL DEFAULT NULL,
  `deleted_at` timestamp NULL DEFAULT NULL
) ENGINE=InnoDB DEFAULT CHARSET=latin1;

--
-- Dumping data untuk tabel `paketan_pesanan`
--

INSERT INTO `paketan_pesanan` (`pap_id`, `paketan_id`, `pesanan_id`, `qty_pap`, `created_at`, `updated_at`, `deleted_at`) VALUES
(21, 1, 1, 12, '2020-12-04 16:05:44', NULL, NULL);

-- --------------------------------------------------------

--
-- Struktur dari tabel `paketan_produk`
--

CREATE TABLE `paketan_produk` (
  `pp_id` int(11) NOT NULL,
  `produk_id` int(10) NOT NULL,
  `paketan_id` int(10) NOT NULL,
  `qty_pp` int(11) NOT NULL,
  `takaran` text NOT NULL,
  `created_at` timestamp NOT NULL DEFAULT current_timestamp(),
  `updated_at` timestamp NULL DEFAULT NULL,
  `deleted_at` timestamp NULL DEFAULT NULL
) ENGINE=InnoDB DEFAULT CHARSET=latin1;

--
-- Dumping data untuk tabel `paketan_produk`
--

INSERT INTO `paketan_produk` (`pp_id`, `produk_id`, `paketan_id`, `qty_pp`, `takaran`, `created_at`, `updated_at`, `deleted_at`) VALUES
(45, 14, 1, 21, 'a', '2020-12-04 15:02:37', NULL, NULL),
(46, 8, 1, 21, 'srsrrs', '2020-12-04 15:49:14', NULL, NULL);

-- --------------------------------------------------------

--
-- Struktur dari tabel `pesanans`
--

CREATE TABLE `pesanans` (
  `id` int(10) NOT NULL,
  `nama_pelanggan` varchar(100) NOT NULL,
  `lokasi_pengiriman` varchar(255) NOT NULL,
  `waktu_dipesan` datetime NOT NULL,
  `waktu_diantar` datetime NOT NULL,
  `nama_kurir` varchar(100) NOT NULL,
  `status_pemesanan` varchar(250) NOT NULL,
  `status_pembayaran` varchar(100) NOT NULL,
  `created_at` timestamp NOT NULL DEFAULT current_timestamp(),
  `updated_at` timestamp NULL DEFAULT NULL,
  `deleted_at` timestamp NULL DEFAULT NULL
) ENGINE=InnoDB DEFAULT CHARSET=latin1;

--
-- Dumping data untuk tabel `pesanans`
--

INSERT INTO `pesanans` (`id`, `nama_pelanggan`, `lokasi_pengiriman`, `waktu_dipesan`, `waktu_diantar`, `nama_kurir`, `status_pemesanan`, `status_pembayaran`, `created_at`, `updated_at`, `deleted_at`) VALUES
(1, 'aef', 'eagae', '2020-12-22 21:37:48', '2020-12-02 00:00:00', 'aeg', 'eahaeh', 'raharh', '2020-12-04 14:38:13', NULL, NULL);

-- --------------------------------------------------------

--
-- Struktur dari tabel `produks`
--

CREATE TABLE `produks` (
  `id` int(10) NOT NULL,
  `nama_produk` varchar(100) NOT NULL,
  `deskripsi` varchar(100) NOT NULL,
  `kategori_id` int(10) NOT NULL,
  `d_jam` int(2) NOT NULL,
  `d_menit` int(2) NOT NULL,
  `d_detik` int(2) NOT NULL,
  `harga_produk` int(11) NOT NULL,
  `foto_produk` varchar(255) NOT NULL,
  `stepbystep` text NOT NULL,
  `porsi` int(11) NOT NULL,
  `created_at` timestamp NOT NULL DEFAULT current_timestamp(),
  `updated_at` timestamp NULL DEFAULT NULL,
  `deleted_at` timestamp NULL DEFAULT NULL
) ENGINE=InnoDB DEFAULT CHARSET=latin1;

--
-- Dumping data untuk tabel `produks`
--

INSERT INTO `produks` (`id`, `nama_produk`, `deskripsi`, `kategori_id`, `d_jam`, `d_menit`, `d_detik`, `harga_produk`, `foto_produk`, `stepbystep`, `porsi`, `created_at`, `updated_at`, `deleted_at`) VALUES
(2, 'Nasi Uduk', '<p>Nasi Uduk</p>', 25, 0, 60, 0, 0, '', '<ol><li>Didihkan air dalam wajan, tambahkan garam, bawang merah dan putih, serai dan daun salam</li><li>Setelah air mendidih, masukkan beras, tuangkan santan dan masak/aron sampai air habis (&plusmn;15 menit)</li><li>Siapkan dandang dan kukus nasi sampai matang (&plusmn;30 menit)</li></ol>', 30, '0000-00-00 00:00:00', '0000-00-00 00:00:00', '0000-00-00 00:00:00'),
(3, 'Nasi Kuning', '<p>Nasi kuning&nbsp;</p>', 25, 0, 60, 0, 0, '', '<ol><li>Haluskan kunyit dan bawang putih</li><li>panaskan minyak dalam wajan,masukan bumbu yang sudah dihaluskan</li><li>Tambahkan daun jeruk,serai,daun salam lalu tumis sampai harum</li><li>masukin air,santan,tambahkan garam,masak hingga mendidih</li><li>masukan beras,aduk dan masak/aron sampai air kering</li><li>siapkan dandang dan kukus nasi sampai matang ( 40 menit )</li></ol>', 40, '0000-00-00 00:00:00', '0000-00-00 00:00:00', '0000-00-00 00:00:00'),
(4, 'Nasi Liwet', '<p>Nasi Liwet</p>', 25, 0, 45, 0, 0, '', '<ol><li>Masukkan beras ke dalam penanak nasi kemudian masukkan daun salam,daun jeruk,santan kara,garam,bawang merah,bawang putih,air. nyalakan tombol penanak nasi posisi &quot;cook&quot;&nbsp;</li><li>Aduk untuk meratakan</li><li>setelah tombol bunyi biarkan 5 menit</li><li>buka penutup nasi dan aduk aduk kemudian tutup kembali selama 10 menit.</li><li>Angkat nasi dari panci penanak nasi gas, siap di sajikan</li></ol>', 30, '0000-00-00 00:00:00', '0000-00-00 00:00:00', '0000-00-00 00:00:00'),
(5, 'Nasi Dasaran untuk Nasi Bakar', '<p>Nasi Dasaran untuk Nasi Bakar</p>', 26, 0, 10, 0, 0, '', '<ol><li>siapkan wajan tuang minyak / margarine hingga panas</li><li>masukkan bawang merah,bawang putih,cabai merah dan cabai hijau besar</li><li>tumis hingga layu dan harum</li><li>masukkan nasi putih aduk-aduk</li><li>tambahkan garam,royco ayam&nbsp;</li><li>aduk sampai tercampur&nbsp; rata</li><li>angkat dan siap di hidangkan</li></ol>', 10, '0000-00-00 00:00:00', '0000-00-00 00:00:00', '0000-00-00 00:00:00'),
(6, 'Nasi Goreng Kampung', '<p>Nasi Goreng Kampung</p>', 26, 0, 15, 0, 0, '', '<ol><li>panaskan wajan masukkan margarin, minyak goreng,pasta putih,pasta nasi goreng,telor 1 butir orak arik sawi,kol,suwiran ayam, daun bawang.</li><li>masukkan nasi, garam aduk aduk sampai rata dan test rasa&nbsp;&nbsp;&nbsp;</li><li>siapkan piring saji hias dengan selada,iris timun,acar telor mata sapi&nbsp;</li><li>sajikan selagi panas&nbsp;</li></ol>', 1, '0000-00-00 00:00:00', '0000-00-00 00:00:00', '0000-00-00 00:00:00'),
(7, 'Nasi Goreng Spesial', '<p>Nasi Goreng Spesial</p>', 26, 0, 15, 0, 0, '', '<ol><li>panaskan wajan masukkan margarine,telor orak arik,pasta putih,paprika bubuk,baso,sawi ijo,daun bawang,sate&nbsp;saus tomat,nasi putih,garam. Aduk aduk sampe rata.</li><li>siapkan piring saji cetak tambahkan telor mata sapi dan sate.</li></ol>', 1, '0000-00-00 00:00:00', '0000-00-00 00:00:00', '0000-00-00 00:00:00'),
(8, 'Nasi Goreng Iga', '<p>Nasi Goreng Iga</p>', 25, 0, 15, 0, 0, '', '<ol><li>panaskan wajan, tuang margarine masukkan pasta sop iga,telor orak arik,daging iga,nasi putih,garam, royco sapi.</li><li>aduk aduk sampai rata dan test rasa.</li><li>ambil piring saji cetak nasi taburi daun seledri&nbsp; diatasnya&nbsp;</li><li>sajikan selagi hangat</li></ol>', 1, '0000-00-00 00:00:00', '0000-00-00 00:00:00', '0000-00-00 00:00:00'),
(9, 'Isian Nasi Bakar Teri', '<p>Isian Nasi Bakar Teri</p>', 27, 0, 20, 0, 0, '', '<p>&nbsp; &nbsp; &nbsp; <strong>&nbsp;PEMBUATAN ISIAN</strong></p><ol><li>siapkan wajan tuang minyak&nbsp; hingga panas.</li><li>goreng teri setengah kering sisihkan.</li><li>goreng tempe setengah kering sisihkan.</li><li>siapkan wajan tambahkan minyak 2 sdm dan panaskan dengan api sedang.</li><li>ambil pasta sambal balado halus dan tumis sebentar sampai berminyak.</li><li>masukkan tempe dan teri, aduk rata.</li><li>terakhir tambahkan daun kemangi lalu aduk2 sebentar.</li></ol><p><strong>&nbsp; &nbsp; &nbsp; &nbsp;PENYAJIAN</strong></p><ol><li>siapkan daun pisang 2 lapis per porsi.</li><li>cetak nasi dasaran di atasnya dan ratakan/pipihkan.</li><li>ambil isian nasi bakar teri 1 porsi 1 sendok makan, letakkan dan ratakan di atas nasi.</li><li>Gulung dan ikat/kunci menggunakan tusuk gigi, siap untuk dibakar.</li><li>Bakar sampai daun terlihat berubah warna coklat dan sedikit hitam, untuk kedua sisi (atas-bawah).&nbsp;&nbsp;&nbsp;&nbsp;&nbsp;&nbsp;&nbsp;&nbsp;&nbsp;&nbsp;&nbsp;&nbsp;&nbsp;</li></ol>', 10, '0000-00-00 00:00:00', '0000-00-00 00:00:00', '0000-00-00 00:00:00'),
(10, 'Isian Nasi Bakar Ayam Jamur', '<p>Isian Nasi Bakar Ayam Jamur</p>', 27, 0, 20, 0, 0, '', '<p><strong>PEMBUATAN ISIAN</strong></p><ol><li>siapkan wajan tuang minyak&nbsp; hingga panas.</li><li>tumis bawang merah,bawang putih,cabe hijau,rawit hijau yang telah di haluskan.</li><li>masukkan ayam aduk rata.</li><li>kemudian masukkan jamur.</li><li>masukkan garam,sasa,kecap bango,gula pasir.</li><li>aduk-aduk sampai rata dan matang test rasa.</li></ol><p><strong>PENYAJIAN</strong></p><ol><li>siapkan daun pisang 2 lapis per porsi.</li><li>cetak nasi dasaran di atasnya dan ratakan/pipihkan.</li><li>ambil isian nasi bakar ayam jamur 1 porsi 1 sendok makan, letakkan dan ratakan di atas nasi.</li><li>Gulung dan ikat/kunci menggunakan tusuk gigi, siap untuk dibakar.</li><li>Bakar sampai daun terlihat berubah warna coklat dan sedikit hitam, untuk kedua sisi (atas-bawah).</li></ol>', 10, '0000-00-00 00:00:00', '0000-00-00 00:00:00', '0000-00-00 00:00:00'),
(11, 'Isian Nasi Bakar Peda Petai', '<p>Isian Nasi Bakar Peda Petai</p>', 27, 0, 10, 0, 0, '', '<p><strong>PEMBUATAN ISIAN</strong></p><ol><li>siapkan wajan dan panaskan.</li><li>tuang minyak goreng.</li><li>goreng ikan peda sampai kering dan ambil dagingnya (tersuwir-suwir).</li><li>petai kupas dan ambil 4 biji iris tipis.</li><li>siapkan sambal rawit ijo dalam mangkuk .</li><li>aduk-aduk ikan peda dan petai bersama sambal rawit ijo.</li></ol><p><strong>PENYAJIAN</strong></p><ol><li>siapkan daun pisang 2 lapis per porsi.</li><li>cetak nasi dasaran di atasnya dan ratakan/pipihkan.</li><li>ambil isian nasi bakar peda petai 1 porsi 1 sendok makan, letakkan dan ratakan di atas nasi.</li><li>Gulung dan ikat/kunci menggunakan tusuk gigi, siap untuk dibakar.</li><li>Bakar sampai daun terlihat berubah warna coklat dan sedikit hitam, untuk kedua sisi (atas-bawah).</li></ol>', 10, '0000-00-00 00:00:00', '0000-00-00 00:00:00', '0000-00-00 00:00:00'),
(12, 'Isian Nasi Bakar Empal', '<p>Isian Nasi Bakar Empal</p>', 27, 0, 10, 0, 0, '', '<p><strong>PEMBUATAN ISIAN</strong></p><ol><li>siapkan wajan dan panaskan.</li><li>tuang minyak goreng.</li><li>masukkan sambal balado.</li><li>masukkan empal yang sudah digoreng dan di suwir.</li><li>aduk-aduk rata dan sajikan.</li><li>untuk isian nasi bakar empal pedas 1 porsi 1 sendok makan.</li></ol><p><strong>PENYAJIAN</strong></p><ol><li>siapkan daun pisang 2 lapis per porsi.</li><li>cetak nasi dasaran di atasnya dan ratakan/pipihkan.</li><li>ambil isian nasi bakar empal pedas 1 porsi 1 sendok makan, letakkan dan ratakan di atas nasi.</li><li>Gulung dan ikat/kunci menggunakan tusuk gigi, siap untuk dibakar.</li><li>Bakar sampai daun terlihat berubah warna coklat dan sedikit hitam, untuk kedua sisi (atas-bawah).</li></ol>', 2, '0000-00-00 00:00:00', '0000-00-00 00:00:00', '0000-00-00 00:00:00'),
(13, 'Isian Nasi Bakar Cakalang', '<p>Isian Nasi Bakar Cakalang</p>', 27, 0, 10, 0, 0, '', '<p><strong>PEMBUATAN ISIAN</strong></p><ol><li>siapkan wajan dan panaskan.</li><li>tuang minyak goreng.</li><li>masukkan bumbu yang telah dihaluskan.</li><li>tambahkan sereh dan daun jeruk.</li><li>aduk aduk hingga harum.</li><li>masukkan cakalang yg sudah di suwir dan garam,sasa,royco ayam.</li><li>kemudian air dan terakhir daun so aduk2 dan test rasa.</li><li>sajikan untuk isian nasi bakar cakalang 1 porsi 1 sendok makan.</li></ol><p><strong>PENYAJIAN</strong></p><ol><li>siapkan daun pisang 2 lapis per porsi.</li><li>cetak nasi dasaran di atasnya dan ratakan/pipihkan.</li><li>ambil isian nasi bakar cakalang 1 porsi 1 sendok makan, letakkan dan ratakan di atas nasi.</li><li>Gulung dan ikat/kunci menggunakan tusuk gigi, siap untuk dibakar.</li><li>Bakar sampai daun terlihat berubah warna coklat dan sedikit hitam, untuk kedua sisi (atas-bawah).</li></ol>', 10, '0000-00-00 00:00:00', '0000-00-00 00:00:00', '0000-00-00 00:00:00'),
(14, 'Ayam Bakar Madu', ' <p>Ayam Bakar Madu</p>', 28, 0, 7, 0, 0, '', ' <p><strong>Proses ungkep</strong></p><ol><li>siapkan wajan, masukkan ayam, air kelapa, bumbu halus, daun salam, lengkuas iris dan gula merah.</li><li>tambahkan garam, penyedap rasa, dan kecap masak sampai air tersisa sedikit dan sesekali diaduk.</li></ol><p><strong>Keterangan lain :</strong></p><ol><li>waktu masak : 60 menit(dari ayam sudah terpotong).</li><li>api kompor : sedang.</li></ol><p><strong>Proses bakar/panggang</strong></p><ol><li>nyalakan panggangan dan letakkan ayam yang sudah diungkep di atas panggangan.</li><li>oleskan sisa bumbu hasil ungkep di permukaan.</li><li>bolak-balik sampai matang.</li><li>oleskan madu ketika akan dihidangkan.</li></ol>', 20, '0000-00-00 00:00:00', '0000-00-00 00:00:00', '0000-00-00 00:00:00'),
(24, '124', '31413r', 2, 43, 31, 134, 314134, '/images/1405999294.jpg', '<p>aegaegaeg</p>', 13, '2020-12-04 15:55:41', '2020-12-04 15:55:41', NULL),
(27, 'aegaegaeg', '12413413aegaega', 3, 13, 34, 53, 134134, '/images/1600533042.png', '<p>aegega</p>', 1314, '2020-12-04 16:44:23', '2020-12-04 16:44:23', NULL);

-- --------------------------------------------------------

--
-- Struktur dari tabel `users`
--

CREATE TABLE `users` (
  `id` int(10) NOT NULL,
  `nama_user` varchar(100) NOT NULL,
  `username` varchar(100) NOT NULL,
  `password` varchar(100) NOT NULL,
  `jenis_kelamin` varchar(10) NOT NULL,
  `role` int(1) NOT NULL,
  `dibuat` datetime NOT NULL,
  `created_at` timestamp NOT NULL DEFAULT current_timestamp(),
  `updated_at` timestamp NULL DEFAULT NULL,
  `deleted_at` timestamp NULL DEFAULT NULL
) ENGINE=InnoDB DEFAULT CHARSET=latin1;

--
-- Dumping data untuk tabel `users`
--

INSERT INTO `users` (`id`, `nama_user`, `username`, `password`, `jenis_kelamin`, `role`, `dibuat`, `created_at`, `updated_at`, `deleted_at`) VALUES
(1, 'admin', 'admin', '56f89040e2f7144fe0bb45f2ba8e0ae1', 'Laki-laki', 1, '2020-08-11 11:37:38', '2020-12-02 03:36:12', NULL, NULL),
(2, 'member', 'member', '0174d67ac3470f2f92041f547ab13370', 'Perempuan', 2, '2020-08-13 12:04:26', '2020-12-02 03:36:12', NULL, NULL),
(3, 'datainput1', 'datainput1', '1da5a05982fdda435cf67e178ce8681c', 'Perempuan', 1, '2020-08-13 12:06:43', '2020-12-02 03:36:12', NULL, NULL);

--
-- Indexes for dumped tables
--

--
-- Indeks untuk tabel `bahans`
--
ALTER TABLE `bahans`
  ADD PRIMARY KEY (`id`);

--
-- Indeks untuk tabel `bahan_produk`
--
ALTER TABLE `bahan_produk`
  ADD PRIMARY KEY (`bp_id`),
  ADD KEY `bahan_id` (`bahan_id`),
  ADD KEY `produk_id` (`produk_id`);

--
-- Indeks untuk tabel `kategoris`
--
ALTER TABLE `kategoris`
  ADD PRIMARY KEY (`id`);

--
-- Indeks untuk tabel `paketans`
--
ALTER TABLE `paketans`
  ADD PRIMARY KEY (`id`);

--
-- Indeks untuk tabel `paketan_pesanan`
--
ALTER TABLE `paketan_pesanan`
  ADD PRIMARY KEY (`pap_id`),
  ADD KEY `paket_id` (`paketan_id`),
  ADD KEY `pesanan_id` (`pesanan_id`);

--
-- Indeks untuk tabel `paketan_produk`
--
ALTER TABLE `paketan_produk`
  ADD PRIMARY KEY (`pp_id`),
  ADD KEY `produk_id` (`produk_id`),
  ADD KEY `paket_id` (`paketan_id`);

--
-- Indeks untuk tabel `pesanans`
--
ALTER TABLE `pesanans`
  ADD PRIMARY KEY (`id`);

--
-- Indeks untuk tabel `produks`
--
ALTER TABLE `produks`
  ADD PRIMARY KEY (`id`);

--
-- Indeks untuk tabel `users`
--
ALTER TABLE `users`
  ADD PRIMARY KEY (`id`);

--
-- AUTO_INCREMENT untuk tabel yang dibuang
--

--
-- AUTO_INCREMENT untuk tabel `bahans`
--
ALTER TABLE `bahans`
  MODIFY `id` int(11) NOT NULL AUTO_INCREMENT, AUTO_INCREMENT=450;

--
-- AUTO_INCREMENT untuk tabel `bahan_produk`
--
ALTER TABLE `bahan_produk`
  MODIFY `bp_id` int(10) NOT NULL AUTO_INCREMENT, AUTO_INCREMENT=260;

--
-- AUTO_INCREMENT untuk tabel `paketans`
--
ALTER TABLE `paketans`
  MODIFY `id` int(10) NOT NULL AUTO_INCREMENT, AUTO_INCREMENT=2;

--
-- AUTO_INCREMENT untuk tabel `paketan_pesanan`
--
ALTER TABLE `paketan_pesanan`
  MODIFY `pap_id` int(11) NOT NULL AUTO_INCREMENT, AUTO_INCREMENT=22;

--
-- AUTO_INCREMENT untuk tabel `paketan_produk`
--
ALTER TABLE `paketan_produk`
  MODIFY `pp_id` int(11) NOT NULL AUTO_INCREMENT, AUTO_INCREMENT=47;

--
-- AUTO_INCREMENT untuk tabel `pesanans`
--
ALTER TABLE `pesanans`
  MODIFY `id` int(10) NOT NULL AUTO_INCREMENT, AUTO_INCREMENT=2;

--
-- AUTO_INCREMENT untuk tabel `produks`
--
ALTER TABLE `produks`
  MODIFY `id` int(10) NOT NULL AUTO_INCREMENT, AUTO_INCREMENT=28;

--
-- AUTO_INCREMENT untuk tabel `users`
--
ALTER TABLE `users`
  MODIFY `id` int(10) NOT NULL AUTO_INCREMENT, AUTO_INCREMENT=4;

--
-- Ketidakleluasaan untuk tabel pelimpahan (Dumped Tables)
--

--
-- Ketidakleluasaan untuk tabel `bahan_produk`
--
ALTER TABLE `bahan_produk`
  ADD CONSTRAINT `bahan_produk_ibfk_1` FOREIGN KEY (`bahan_id`) REFERENCES `bahans` (`id`) ON DELETE CASCADE ON UPDATE CASCADE;

--
-- Ketidakleluasaan untuk tabel `paketan_pesanan`
--
ALTER TABLE `paketan_pesanan`
  ADD CONSTRAINT `paketan_pesanan_ibfk_1` FOREIGN KEY (`pesanan_id`) REFERENCES `pesanans` (`id`) ON DELETE CASCADE ON UPDATE CASCADE,
  ADD CONSTRAINT `paketan_pesanan_ibfk_2` FOREIGN KEY (`paketan_id`) REFERENCES `paketans` (`id`) ON DELETE CASCADE ON UPDATE CASCADE;

--
-- Ketidakleluasaan untuk tabel `paketan_produk`
--
ALTER TABLE `paketan_produk`
  ADD CONSTRAINT `paketan_produk_ibfk_2` FOREIGN KEY (`paketan_id`) REFERENCES `paketans` (`id`) ON DELETE CASCADE ON UPDATE CASCADE;
COMMIT;

/*!40101 SET CHARACTER_SET_CLIENT=@OLD_CHARACTER_SET_CLIENT */;
/*!40101 SET CHARACTER_SET_RESULTS=@OLD_CHARACTER_SET_RESULTS */;
/*!40101 SET COLLATION_CONNECTION=@OLD_COLLATION_CONNECTION */;
